"POZO CERCADO (EL CHORRO (F), DPTO. RIVADAVIA (S))",3636,-23.4933,-61.9267
LAS SALADAS,4123,-25.7833,-64.5
EL BRETE,4126,-26.0667,-65.3667
MACHO RASTROJO,4141,-26.4367,-65.97
"POTRERILLO (R. DE LA FRONTERA, DPTO. ROSARIO DE LA FRONTERA)",4190,-25.8,-65.0333
SAN PEDRO DE LOS CORRALES,4191,-25.9689,-64.6583
LAS MERCEDES (SAN LORENZO - DPTO. ROSARIO DE LA FRONTERA),4193,-25.9121,-64.7939
FEDERACION,4198,-25.7833,-65.0417
BARRIO MITRE,4400,-24.8056,-65.3417
ATOCHA,4401,-24.6806,-65.4194
ZANJON,4403,-25.5,-65.2917
ROSARIO DE LERMA,4405,-24.9833,-65.5833
"EL TUNAL (CAMPO QUIJANO, DPTO. ROSARIO DE LERMA)",4407,-24.875,-65.5917
CHORRILLITOS,4409,-24.5485,-65.8803
SAN ANTONIO DE LOS COBRES,4411,-24.1833,-66.35
LA CASUALIDAD,4413,-25.0667,-68.2333
PALERMO OESTE,4415,-24.9333,-66.1833
RIO BLANCO,4417,-25.0917,-66.2083
VOLCAN AZUFRE,4419,-25.3148,-66.2778
RETIRO,4421,-25.3042,-65.5097
EL TIPAL,4423,-25.0667,-65.5333
CERRO ALEMANIA,4425,-25.5426,-65.4481
LAS CONCHAS (CAFAYATE - DPTO. CAFAYATE),4427,-25.785,-65.7433
ENTRE RIOS,4430,-24.6167,-64.8833
TACA TACA (ESTACION FCGB),4431,-24.8492,-64.8348
SANTA ROSA (CAMPO SANTO - DPTO. GRAL. M. M. DE GUEMES),4432,-24.6708,-65.1708
GONZALEZ,4434,-24.9167,-64.65
"CAMPO ALEGRE (METAN, DPTO. METAN)",4440,-25.3583,-65.2292
MINA CONCORDIA (APEADERO FCGB),4441,-25.5333,-64.9667
FINCA ROCCA,4444,-25.3833,-64.6333
LA MANGA,4446,-25.2095,-64.2929
"SANTO DOMINGO (JOAQUIN V.GONZALEZ, DPTO. ANTA)",4448,-25.0083,-64.2
"CAMPO ALEGRE (LAS FLORES, DPTO. ANTA)",4449,-24.4718,-64.0782
VENCIDA,4452,-25.4909,-63.8333
LIMONCITO,4530,-23.2496,-64.2737
AGUAS BLANCAS,4531,-22.7333,-64.3667
EL TABACAL,4533,-23.2667,-64.25
ARBOL SOLO,4534,-23.3278,-64.0889
EL TUNALITO,4535,-23.9533,-63.12
JERONIMO MATORRAS (ESTACION FCGB),4537,-23.8,-64.0792
FINCA LA TOMA,4538,-23.4333,-64.35
URUNDEL,4542,-23.55,-64.4167
BUEN LUGAR,4550,-23.3611,-63.8111
POCOY,4552,-22.75,-64.0
MISTOL MAREADO,4554,-23.4143,-63.2167
MANUELA PEDRAZA,4560,-22.3655,-63.4976
ALTO DE LA SIERRA,4561,-22.7333,-62.5
VESPUCIO,4562,-22.6,-63.8167
RECAREDO,4563,-22.3655,-63.4976
TOBANTIRENDA,4564,-22.15,-63.7333
ITIYURO,4566,-22.25,-63.7167
POCITOS,4568,-22.0667,-63.7167
CANCILLAR,4633,-22.425,-65.5583
TOROYOC,4644,-22.3818,-65.5788
NUEVO PORVENIR,4650,-22.1,-65.7333
VISCACHANI,4651,-22.1167,-65.1333
ISLA MARTIN GARCIA,1601,-34.5167,-58.5389
DOCTOR ANTONIO CETRANGOLO (PARADA FCGM),1602,-34.5167,-58.5
MUNRO,1605,-34.5333,-58.55
BARRIO ARCA,1607,-34.5167,-58.5389
BOULOGNE ESTAFETA No.3,1609,-34.5,-58.5667
DON TORCUATO,1611,-34.5,-58.6333
ADOLFO SOURDEAUX,1612,-34.4696,-58.6713
INGENIERO PABLO NOGUES,1613,-34.5,-58.6833
GRAND BOURG ESTAFETA No.1,1615,-34.4833,-58.7167
EL EMBRUJO,1617,-34.4602,-58.6345
BARRIO BELIERA,1619,-34.4233,-58.7619
LOS SANTOS VIEJOS,1621,-34.4094,-58.7094
LA GRACIELITA,1623,-34.3676,-58.7325
BELEN DE ESCOBAR,1625,-34.3467,-58.8186
MATHEU,1627,-34.3831,-58.8489
PILAR,1629,-34.4836,-58.9319
EMPALME,1633,-34.4333,-59.0
"KILOMETRO 45 (APEADERO FCGU., PTE. DERQUI, PDO. PILAR)",1635,-34.4972,-58.8636
LA LUCILA,1636,-34.5,-58.4833
ACASSUSO,1640,-34.4833,-58.5167
SAN ISIDRO,1642,-34.4708,-58.5286
BECCAR,1643,-34.4667,-58.5333
DOCTOR ALBERT SCHWEITZER (PARADA FCGM),1644,-34.3553,-58.5427
SAN FERNANDO ESTAFETA Nº4,1646,-34.4442,-58.5775
RIO PARANA GUAZU,1647,-33.7833,-58.6
NUEVO PUERTO TIGRE,1648,-34.3553,-58.5427
ARROYO DOS PUNTAS,1649,-34.3553,-58.5427
SAN MARTIN (PDO. GRAL. SAN MARTIN),1650,-34.5417,-58.5583
SAN ANDRES,1651,-34.55,-58.5333
BARRIO LIBERTADOR,1655,-34.5333,-58.5833
PABLO PODESTA ESTAFETA Nº1,1657,-34.5417,-58.5583
BARRIO SARGENTO CABRAL - CAMPO DE MAYO,1659,-34.5417,-58.5583
CAPITAN LOZANO (APEADERO FCGU),1661,-34.5096,-58.7618
BARRIO CORTIJO NUEVO,1663,-34.5326,-58.753
BARRIO VILLA MANUELITA,1664,-34.5096,-58.7618
JOSE C. PAZ ESTAFETA No.1,1665,-34.5,-58.75
"KILOMETRO 40 (TORTUGUITAS, PDO. PILAR)",1667,-34.5096,-58.7618
"LA LOMA (DEL VISO, PDO.GRAL.SARMIENTO)",1669,-34.45,-58.8
CORONEL FRANCISCO LINCH,1672,-34.6,-58.5333
SAENZ PEÑA,1674,-34.6,-58.5333
ALIANZA TALLERES,1676,-34.6,-58.5333
CASEROS ESTAFETA No.1,1678,-34.6,-58.5333
MARTIN CORONADO,1682,-34.5708,-58.6243
EL PALOMAR ESTAFETA No.1,1684,-34.5417,-58.6153
BARRIO EL DESTINO,1686,-34.6,-58.6333
SANTOS TESEI,1688,-34.5708,-58.6243
CIUDADELA,1702,-34.6333,-58.5333
RAMOS MEJIA,1704,-34.6333,-58.5667
MARIANO J. HAEDO ESTAFETA No.1,1706,-34.6333,-58.6
BARRIO LA CABAÑA,1708,-34.6425,-58.6181
CASTELAR,1712,-34.6667,-58.6667
BARRIO VILLA HARAS MYRIAM,1713,-34.675,-58.6792
ITUZAINGO ESTAFETA No.5,1714,-34.6667,-58.6667
"BARRIO NUEVO (LIBERTAD, PDO. MERLO)",1716,-34.7,-58.6833
SAN ANTONIO DE PADUA,1718,-34.6667,-58.7
LOMA GRANDE,1722,-34.67,-58.7528
MARIANO ACOSTA,1723,-34.7261,-58.7908
MARCOS PAZ,1727,-34.7817,-58.8458
PLOMER,1733,-34.8,-59.0333
EL DURAZNO,1735,-34.8465,-59.0015
LA CHOZA,1737,-34.7833,-59.1167
PARADA KILOMETRO 62,1739,-34.9014,-58.9281
LOZANO,1741,-34.85,-59.05
PASO DEL REY ESTAFETA Nº1,1742,-34.65,-58.7667
MORENO ESTAFETA No.2,1744,-34.5483,-58.8646
AGUA DE ORO,1746,-34.6333,-58.8667
LA FRATERNIDAD,1748,-34.6181,-58.9564
LOMAS DEL MIRADOR,1752,-34.65,-58.5333
SAN JUSTO,1754,-34.6831,-58.5519
LA ROSA,1755,-34.7167,-58.6167
LAFERRERE ESTAFETA No.4,1757,-34.75,-58.5833
GONZALEZ CATAN,1759,-34.7675,-58.6428
"BARRIO EL SOL (PONTEVEDRA, PDO. MERLO",1761,-34.7517,-58.7117
BARRIO COLONIA SAN LORENZO,1763,-34.7172,-58.6094
BARRIO EL MANZANAR,1765,-34.7,-58.5833
"BARRIO ALMAFUERTE (TABLADA, PDO. LA MATANZA)",1766,-34.7,-58.5333
TAPIALES,1770,-34.7,-58.5167
BARRIO LAS ACHIRAS,1772,-34.7083,-58.5083
INGENIERO BUDGE,1773,-34.7167,-58.4667
9 DE ABRIL,1776,-34.7083,-58.5083
QUERANDI,1778,-34.7167,-58.5333
COLONIA LOS CHIVATOS,1802,-34.8133,-58.4753
"RUTA 205 KILOMETRO 32,500",1804,-34.8575,-58.5189
BARRIO DEL PLATA,1806,-34.8428,-58.5044
BARRIO STELLA MARIS,1807,-34.8428,-58.5044
BADIOLA,1808,-34.8428,-58.5044
MAXIMO PAZ,1812,-34.9333,-58.6167
CAÑUELAS ESTAFETA No.1,1814,-35.1068,-58.7749
ESCUELA AGRICOLA DON BOSCO,1815,-35.049,-58.7221
"RUTA 3 KILOMETRO 75,500",1816,-35.049,-58.7221
FIORITO,1822,-34.7,-58.45
LANUS ESTAFETA No.10,1824,-34.7153,-58.4078
MONTE CHINGOLO ESTAFETA No.3,1825,-34.7167,-58.3333
REMEDIOS DE ESCALADA ESTAFETA Nº1,1826,-34.7333,-58.3833
BARRIO VILLA MAIPU,1828,-34.75,-58.4
LOMAS DE ZAMORA ESTAFETA No.5,1832,-34.7667,-58.4
BARRIO VILLA LA PAZ,1834,-34.7833,-58.4
"BARRIO LOS PINOS (LLAVALLOL, PDO. LOMAS DE ZAMORA)",1836,-34.7833,-58.4333
BARRIO LINDO,1838,-34.8,-58.45
BARRIO MARTINEZ MORENO,1842,-34.815,-58.4792
JOSE MARMOL,1846,-34.7833,-58.3833
BARRIO SAN JAVIER,1847,-34.8,-58.3667
LAS MALVINAS (PARADA FCDFS.),1848,-34.795,-58.3861
BARRIO SANZ,1849,-34.8,-58.3333
BARRIO DOÑA SOL,1852,-34.8333,-58.3833
LONGCHAMPS,1854,-34.8517,-58.3964
"BARRIO ALMAFUERTE (GLEW, PDO. ALTE. BROWN)",1856,-34.8881,-58.3842
LA BICHA,1858,-34.8516,-58.3868
BARRIO SAN PABLO,1862,-34.9172,-58.3869
EMPALME SAN VICENTE,1864,-34.9667,-58.3667
LA ARGENTINA,1865,-34.9667,-58.3667
BULLRICH,1870,-34.6506,-58.3822
DOCK SUD,1871,-34.6333,-58.3667
"LA COSTA (SARANDI, PDO. AVELLANEDA)",1872,-34.6667,-58.3333
COSTA DE VILLA DOMINICO,1874,-34.6813,-58.3225
LA CAÑADA,1876,-34.7083,-58.2917
QUILMES ESTAFETA Nº4,1878,-34.7203,-58.2694
QUILMES OESTE ESTAFETA Nº1,1879,-34.6813,-58.3225
"SANTA ISABEL (SAN FRANCISCO SOLANO, PDO.QUILMES)",1881,-34.7833,-58.3167
EZPELETA,1882,-34.7667,-58.25
BERAZATEGUI,1884,-34.7333,-58.2553
BARRIO SNIAFA,1885,-34.7833,-58.175
JOHN F. KENNEDY,1886,-34.8,-58.2
"CAMINO GRAL.BELGRANO (KM.17,500 AL 19)",1888,-34.8136,-58.3311
BARRIO EL 36,1889,-34.8167,-58.2333
BARRIO LAS HERMANAS,1890,-34.8333,-58.2
BARRIO LA CAROLINA,1891,-34.8667,-58.0911
MONTARAZ,1893,-34.8667,-58.0911
BARRIO LA PERLA,1894,-34.8667,-58.0911
LOS EUCALIPTOS,1895,-34.8781,-58.1358
"CAMINO CENTENARIO KM. 11,500",1896,-34.8789,-58.051
MANUEL B. GONNET ESTAFETA No.1,1897,-34.8644,-58.0178
LA PLATA SUCURSAL No.2,1900,-34.9314,-57.9489
LISANDRO OLMOS,1901,-34.9833,-58.0333
PARAJE 19 DE NOVIEMBRE,1903,-34.946,-58.0964
JOSE FERRARI,1905,-35.2833,-57.8667
NUEVA HERMOSURA,1907,-35.0041,-58.0001
IGNACIO CORREAS,1909,-35.0333,-57.85
GENERAL MANSILLA,1911,-35.0833,-57.75
EMPALME MAGDALENA,1913,-35.0778,-57.5722
ARBUCO (DESVIO FCGR),1915,-35.1667,-57.65
LUIS CHICO,1917,-35.3583,-57.2583
BASE AERONAVAL DE PUNTA INDIO,1919,-35.1714,-57.519
COLONIA BEETHOVEN,1921,-35.4333,-57.3792
BERISSO,1923,-34.8667,-57.8833
GRAND DOCK,1925,-34.8758,-57.8822
ESCUELA NAVAL MILITAR RIO SANTIAGO,1927,-35.246,-57.547
BASE NAVAL RIO SANTIAGO,1929,-35.246,-57.547
PUNTA LARA,1931,-34.8167,-57.9833
CORONEL BRANDSEN,1980,-35.1717,-58.23
LOS MARINO,1981,-35.1667,-58.075
GOMEZ,1983,-35.0667,-58.1667
DOMSELAAR,1984,-35.0667,-58.3
JEPPENER,1986,-35.2833,-58.2
"ESPARTILLAR (GRAL. PAZ, PDO. GRAL. PAZ)",1987,-35.4991,-58.2859
ARROYO DEL MEDIO,2113,-33.5833,-60.7833
ESTINGANA,2346,-30.1987,-61.9244
TAMBO NUEVO,2700,-33.9667,-60.5833
DOCE DE AGOSTO,2701,-33.7833,-60.6
ROBERTO CANO,2703,-34.0833,-60.6667
ROJAS,2705,-34.1953,-60.735
"EL JAGUEL (GUIDO SPANO, PDO. ROJAS)",2707,-34.2,-60.6722
SOL DE MAYO (PDO. ROJAS),2709,-33.9805,-60.6348
ALMACEN PIATTI,2711,-33.65,-60.8833
LA VANGUARDIA,2715,-33.7333,-60.8
JUAN A. DE LA PEÑA,2717,-33.8333,-60.4833
LIERRA ADJEMIRO,2718,-33.9333,-60.5667
EL PELADO,2720,-33.8914,-61.1097
EL ARBOLITO,2721,-33.9167,-60.9333
ESTANCIA LAS GAMAS,2723,-33.7167,-61.05
LA DELIA,2740,-34.05,-60.1167
LAS CUATRO PUERTAS,2741,-34.2989,-60.2419
TACUARI,2743,-34.2167,-60.3167
KENNY,2745,-34.3667,-60.0
INES INDART,2747,-34.4,-60.55
COLONIA LA INVERNADA,2751,-33.7333,-60.1667
CAMPO LA ELISA,2752,-34.15,-59.8833
"SAN JUAN (VIÑA, PDO.PERGAMINO)",2754,-34.0111,-59.9778
SAN ANTONIO DE ARECO,2760,-34.25,-59.4667
SANTA COLOMA,2761,-34.0667,-59.5667
FLAMENCO,2763,-34.2083,-59.4222
CHENAUT,2764,-34.25,-59.2167
ARROYO NEGRO (ZARATE - PDO. ZARATE),2800,-34.063,-59.0531
EL TATU,2801,-34.1667,-59.1167
RIO LUJAN (PDO. CAMPANA),2802,-34.2342,-58.8642
EL FENIX,2804,-34.1769,-58.9208
CANAL LEANDRO N. ALEM 2a. SECCION,2805,-33.7833,-58.9167
LIMA,2806,-34.05,-59.2
ATUCHA,2808,-33.9667,-59.3
CARLOS LEMEE,2812,-34.3167,-59.1208
ARROYO DE LA CRUZ,2813,-34.3333,-59.1167
LOS CARDALES,2814,-34.3394,-59.0133
BARRIO PARQUE,2900,-33.3303,-60.2269
BARRIO SOMISA,2901,-33.4961,-60.2787
LOS DOS AMIGOS,2903,-33.4,-60.2333
COLONIA LA ALICIA,2905,-33.4667,-60.2833
CONESA,2907,-33.6,-60.35
ESTANCIAS,2909,-33.4961,-60.2787
"SANTA TERESA (SANCHEZ, PDO.RAMALLO)",2912,-33.4333,-60.15
COSTA BRAVA,2914,-33.3298,-60.2674
AGUIRREZABALA,2915,-33.4786,-60.0208
EL JUPITER,2916,-33.3298,-60.2674
SAN PEDRO ESTAFETA Nº1,2930,-33.6706,-59.6828
OLIVEIRA CEZAR,2931,-33.5833,-59.8167
PEREZ MILLAN,2933,-33.7667,-60.1
KILOMETRO 172,2935,-33.8917,-59.8083
ALSINA,2938,-33.9,-59.3833
BARADERO,2942,-33.7967,-59.5208
IRENEO PORTELA,2943,-33.9667,-59.6667
RIO TALA,2944,-33.75,-59.6333
GOBERNADOR CASTRO,2946,-33.65,-59.8833
SANTOS LUGARES,3403,-27.5619,-58.3024
COSTA BONITA,3445,-28.6867,-58.6833
MANUEL OCAMPO,3713,-26.1625,-62.2222
JUNIN SUCURSAL No.2,6000,-34.585,-60.9589
LAGUNA DE GOMEZ,6001,-34.4167,-60.9625
LA BEBA,6003,-34.15,-61.0167
ESTACION GENERAL ARENALES,6005,-34.2722,-61.2722
ARRIBEÑOS,6007,-34.2167,-61.3667
LAPLACETTE,6013,-34.7167,-61.1667
LOS TOLDOS,6015,-34.995,-61.0367
LA DELFINA,6017,-34.9333,-61.1667
COLONIA LOS HUESOS,6018,-34.8667,-61.15
LAS PARVAS,6022,-34.55,-61.1333
LEANDRO N.ALEM,6023,-34.5,-61.4
SAUZALES,6030,-34.4667,-61.6667
DESVIO EL CHINGOLO,6031,-34.4389,-61.5444
BLANDENGUES,6032,-34.5333,-61.2667
COLONIA ALBERDI,6034,-34.4333,-61.8
DOS HERMANOS,6042,-34.4167,-61.9167
DUSSAUD,6050,-34.7833,-61.7667
PICHINCHA,6051,-34.5667,-62.35
GERMANIA,6053,-34.5667,-62.05
PAZOS KANKI,6058,-34.7667,-62.0833
LOS CALLEJONES (ESTACION FCGM.),6062,-34.7833,-62.2
PORVENIR,6063,-34.95,-62.2333
HALCEY,6064,-34.825,-62.4
BLAQUIER,6065,-34.6333,-62.4833
KILOMETRO 321 (APEADERO FCDFS.),6070,-34.8325,-61.5993
BERMUDEZ,6071,-34.7,-61.3333
FORTIN VIGILANCIA,6073,-35.1167,-61.6833
KILOMETRO 356 (APEADERO FCDFS.),6075,-35.0583,-61.8583
NUEVA SUIZA (ESTACION FCGM),6077,-35.125,-62.3083
BAYAUCA,6078,-34.85,-61.3
CAÑADA SECA,6105,-34.4333,-62.95
CORONEL CHARLONE,6223,-34.6667,-63.3667
GENERAL VILLEGAS,6230,-35.0333,-63.0167
CUENCA,6231,-35.2926,-62.9981
HEREFORD,6233,-35.1333,-62.5
CERRITO,6237,-35.45,-62.8167
"MERIDIANO Vº (GONZALEZ MORENO, PDO.RIVADAVIA)",6239,-35.5333,-63.2667
GONDRA,6241,-34.75,-63.35
ELORDI,6242,-35.05,-63.1333
BANDERALO,6244,-35.0,-63.35
BENITEZ,6332,-36.4167,-63.287
GRACIARENA (PDO. SALLIQUELO),6335,-36.5833,-63.1
INGENIERO THOMPSON,6337,-36.6333,-62.9167
LEUBUCO,6338,-36.8833,-63.0333
CAILOMUTA,6339,-36.75,-62.9333
CHOPI TALO,6341,-36.7,-63.3667
LOS GAUCHOS (APEADERO FCDFS.),6343,-36.8333,-63.3167
PELLEGRINI,6346,-36.2667,-63.15
BOCAYUVA,6348,-36.2167,-63.0667
BARRIO INDIO TROMPA,6400,-36.0389,-62.9389
SUNBLAD,6401,-36.0819,-62.7528
COLONIA EL BALDE,6403,-35.7278,-63.0278
DUHAU,6405,-36.1722,-62.3556
LA PORTEÑA (PDO.TRENQUE LAUQUEN),6407,-36.3667,-62.35
PEHUELCHES,6409,-36.35,-62.8667
GARRE,6411,-36.55,-62.5833
FORTIN PAUNERO,6417,-36.7917,-62.5167
PRIMERA JUNTA,6422,-35.9167,-62.6333
BERUTTI,6424,-35.8667,-62.5
POCITO,6430,-37.1111,-62.7667
ESTACION LAGO EPECUEN,6431,-37.1333,-62.8
ARTURO VATTEONE,6433,-37.2,-62.8333
GUAMINI,6435,-37.0333,-62.4167
LA GREGORIA,6437,-37.0,-62.45
MASUREL,6438,-36.975,-62.4889
LURO,6439,-36.6333,-62.1333
COLONIA BARON HIRSCH,6441,-37.2,-63.2333
ARANO,6443,-37.0833,-63.2667
PEHUAJO,6450,-35.8147,-61.9053
ANCON,6451,-35.5667,-61.85
CARLOS SALAS,6453,-35.3833,-61.9833
DRYSDALE,6455,-35.3,-62.6333
INGENIERO BEAUGEY,6457,-35.5,-62.2333
COLONIA SERE,6459,-35.4333,-62.7
LA COTORRA,6461,-36.0333,-62.2333
ALAGON,6463,-35.95,-61.9667
HENDERSON,6465,-36.3,-61.7167
EL TRIO,6467,-36.2917,-61.7333
MONES CAZON,6469,-36.2333,-62.0
LA CARRETA,6471,-36.2167,-62.2333
FRANCISCO MADERO,6472,-35.8667,-62.05
CAMPO ARISTIMUÑO,6474,-35.8083,-62.2583
ESTEBAN DE LUCA,6475,-35.65,-62.35
PUEBLO VILLA SAN ESTEBAN,6476,-35.6889,-61.6944
9 DE JULIO ESTAFETA Nº2,6500,-35.4,-61.0
LAGUNA DEL CURA,6501,-35.55,-60.8083
PATRICIOS,6503,-35.45,-60.7
DUDIGNAC,6505,-35.65,-60.7333
SANTOS UNZUE,6507,-35.75,-60.85
EMILIO LAMARCA,6508,-35.6167,-60.7667
DEL VALLE,6509,-35.9,-60.7167
HUETEL,6511,-36.0,-60.85
LA YESCA,6513,-35.45,-61.1833
EL TEJAR,6515,-35.2167,-61.05
FRENCH,6516,-35.5333,-61.0
SAN JUAN DE NELSON,6530,-35.6549,-61.4385
MAURICIO HIRSCH,6531,-35.5833,-61.5333
KILOMETRO 322 (APEADERO FCDFS.),6533,-35.2828,-61.4715
CENTENARIO,6535,-35.8333,-61.4333
EL CAMOATI,6537,-35.9083,-61.2167
SANTO TOMAS CHICO,6538,-35.6,-61.25
LA PERLA,6550,-36.25,-61.1
JUAN F. IBARRA,6551,-36.35,-61.25
NUEVA ESPAÑA,6553,-36.45,-61.4333
LA LARGA,6555,-36.6833,-61.9333
PAULA,6557,-36.5167,-61.05
RECALDE,6559,-36.65,-61.0833
ESPIGAS,6561,-36.4167,-60.6667
COLONIA INCHAUSTI,6567,-36.4167,-60.6667
MERCEDES ESTAFETA No.2,6600,-34.6544,-59.4344
LA VALEROSA (ESTACION FCGB),6601,-34.6556,-59.3833
KILOMETRO 117 (APEADERO FCGB.),6603,-34.9167,-59.5667
LA VERDE (PDO.MERCEDES),6604,-34.7865,-59.3765
KILOMETRO 116 (APEADERO FCGR.),6605,-34.9417,-59.2417
LAS MARIANAS,6607,-35.0667,-59.5167
OLIVERA,6608,-34.6333,-59.25
SUIPACHA,6612,-34.7781,-59.6889
RIVAS,6614,-34.6167,-59.7667
LA CALIFORNA ARGENTINA,6616,-34.6,-59.9
CHIVILCOY ESTAFETA No.4,6620,-34.9083,-60.0306
HENRY BELL,6621,-35.0333,-59.9667
LA RICA,6623,-34.9833,-59.8667
CAÑADA LA RICA,6625,-35.0072,-60.0531
HARAS EL CARMEN,6627,-35.0778,-59.8889
PALEMON HUERGO,6628,-34.8,-60.2167
GOROSTIAGA,6632,-34.8167,-59.8667
ANDRES VACCAREZZA,6634,-35.0917,-60.2833
PALANTELEN,6640,-35.1667,-60.3333
COMODORO PY,6641,-35.3167,-60.5167
COLONIA PALANTELEN,6643,-35.275,-60.325
LA LIMPIA (PDO. BRAGADO),6645,-35.0667,-60.7167
GENERAL O'BRIEN,6646,-34.9,-60.75
MECHITA,6648,-35.0667,-60.4
OLASCOAGA,6652,-35.2,-60.6
LAGUNA LAS MULITAS,6660,-35.4427,-60.3136
BLAS DURAÑONA,6661,-35.4833,-60.15
NORBERTO DE LA RIESTRA,6663,-35.2667,-59.7667
LA GLORIA,6665,-35.2583,-59.6083
MARTIN BERRAONDO,6667,-35.3167,-59.95
"SANTA ELENA (LUJAN, PDO. LUJAN)",6700,-34.5703,-59.105
CARLOS KEEN,6701,-34.4833,-59.2333
ALASTUEY (APEADERO F.C.G.U.),6703,-34.4333,-59.0833
JAUREGUI,6706,-34.6,-59.1667
MARISCAL SUCRE,6708,-34.5,-59.1
CORTINES,6712,-34.5667,-59.2167
SAN ANDRES DE GILES,6720,-34.4497,-59.4433
TATAY,6721,-34.3667,-59.9333
KILOMETRO 108,6723,-34.4333,-59.5083
SAN ERNESTO,6725,-34.3858,-59.8294
GOUIN,6727,-34.4667,-59.8
SAN PATRICIO,6734,-34.6,-60.2333
CHACABUCO,6740,-34.6417,-60.4739
INGENIERO SILVEYRA,6743,-34.5333,-60.2
CUCHA CUCHA,6746,-34.6167,-60.4167
MEMBRILLAR,6748,-34.6,-60.6167
CERRO DE LOS LEONES,7000,-37.3167,-59.15
LA PASTORA (PDO. TANDIL),7001,-37.5821,-59.0885
GARDEY,7003,-37.2833,-59.35
LA AZUCENA,7005,-37.7,-59.325
LAS SUIZAS,7007,-37.7033,-58.7867
"LA AURORA (IRAOLA, PDO.TANDIL)",7009,-37.25,-58.9167
HARAS LA LULA,7011,-38.0,-59.2667
DE LA CANAL,7013,-37.1167,-59.1
BENITO JUAREZ,7020,-37.6667,-59.8
ALZAGA,7021,-37.8667,-59.95
BARRIO ESTACION DOLORES,7100,-36.3917,-57.7167
CANAL 15,7101,-36.2278,-57.5056
FARO SAN ANTONIO,7103,-36.4,-56.9667
SAN CLEMENTE DEL TUYU ESTAFETA Nº3,7105,-36.3667,-56.7167
LAS TONINAS,7106,-36.4833,-56.7
SANTA TERESITA ESTAFETA Nº1,7107,-36.5333,-56.6833
MAR DEL TUYU,7108,-36.55,-56.6833
PUNTA MEDANOS,7109,-36.7167,-56.6667
PLAYA SAN BERNARDO ESTAFETA Nº1 (MUN. URBANO DE LA COSTA),7111,-36.2611,-57.6764
COSTA AZUL,7112,-36.2611,-57.6764
BALNEARIO AGUAS VERDES,7113,-36.6667,-56.6667
"LA COSTA (CASTELLI, PDO. CASTELLI)",7114,-36.1,-57.7833
CAMARON CHICO,7116,-35.8806,-57.9194
GENERAL GUIDO,7118,-36.6667,-57.7667
"LA MASCOTA (SANTO DOMINGO, PDO. GRAL. LAVALLE)",7119,-36.8056,-57.4611
NAPOSTA,7122,-36.5697,-57.5907
CHASCOMUS ESTAFETA No.2,7130,-35.5567,-57.84
NICOLAS LEVALLE,7134,-35.5567,-57.84
DON CIPRIANO,7135,-35.4833,-57.7667
HARAS SAN IGNACIO,7136,-35.5583,-58.0333
OMBUCTA,7142,-36.5697,-57.5907
SAN LAUREANO,7150,-37.15,-58.4833
SAN IGNACIO,7151,-37.3333,-58.4167
FAIR,7153,-37.05,-58.3167
MAIPU,7160,-36.8667,-57.8667
LABARDEN,7161,-36.95,-58.1
ARIAS,7163,-36.975,-57.1833
SAN MARTIN DE TOURS,7164,-36.9806,-57.2361
FARO QUERANDI,7165,-36.525,-57.3667
OSTENDE,7167,-37.15,-56.8833
MACEDO,7169,-37.25,-57.2
LAS ARMAS,7172,-37.1,-57.8167
CORONEL VIDAL,7174,-37.45,-57.7167
EL GUALICHO,7200,-36.05,-59.1167
COLMAN,7201,-36.4167,-59.15
EL CARMEN DE LANGUEYU,7203,-36.7083,-59.125
GUZMAN,7205,-35.9667,-58.9333
"LA PORTEÑA (EL TRIGO, PDO. LAS FLORES)",7207,-35.9167,-59.4583
CORONEL BOERR,7208,-35.95,-59.0667
NARANJA,7212,-36.15,-59.2667
CACHARI,7214,-36.4,-59.5333
EL SOCORRO,7215,-36.2533,-59.3733
LOS EUCALIPTUS (APEADERO FCGB.),7220,-35.3333,-58.7167
KILOMETRO 128 (APEADERO FCGB.),7221,-35.3417,-58.725
EL SIASGO,7223,-35.9083,-58.6167
LA LUZ,7225,-36.2417,-58.5667
KILOMETRO 146 (APEADERO FCGR.),7226,-35.6833,-58.95
ABBOTT,7228,-35.2833,-58.8
KILOMETRO 112 (APEADERO FCGR.),7240,-35.1853,-59.0947
LA PORTEÑA (PDO.LOBOS),7241,-35.3,-59.1667
ELVIRA,7243,-35.2333,-59.4833
SANTIAGO LARRE,7245,-35.5667,-59.1667
CAMPO FUNCKE,7247,-35.4389,-59.2556
EMPALME LOBOS,7249,-35.15,-59.0833
ESTHER,7260,-35.6333,-59.9667
SALADILLO NORTE,7261,-35.6667,-59.9
EMMA,7263,-36.2167,-60.2
CAZON,7265,-35.5833,-59.6667
JUAN BLAQUIER,7267,-35.7667,-59.3
CAMINERA AZUL,7300,-36.7833,-59.85
EUFEMIO UBALLES,7301,-36.7833,-59.7333
CAMPO ROJAS,7303,-36.4,-60.0222
CAMPODONICO,7305,-36.3333,-59.7667
REQUENA,7307,-36.5833,-60.1667
LA PROTEGIDA (PDO. AZUL),7311,-37.3,-59.9833
LA NUTRIA,7313,-37.4056,-60.1111
"LA CHUMBEADA (AZUL, PDO. AZUL)",7316,-36.6556,-59.7833
COLONIA RUSA,7318,-36.8667,-60.1389
"PUEBLO NUEVO (OLAVARRIA, PDO. OLAVARRIA)",7400,-36.9,-60.2833
EMPALME QUERANDIES,7401,-37.0722,-60.3833
FORTABAT,7403,-36.9833,-60.2833
FORTIN LAVALLE,7404,-37.1208,-60.8292
SANQUILCO,7406,-37.2889,-61.2278
LIBANO,7407,-37.5333,-61.3
LA COLINA,7408,-37.3333,-61.5333
PARAGUIL,7412,-37.7,-60.9833
SANTA ELENA (PDO. LAPRIDA),7414,-37.55,-60.8167
"LA PASTORA (TRES ARROYOS, PDO. TRES ARROYOS)",7500,-38.2,-60.2833
INDIO RICO,7501,-38.3167,-60.8833
CRISTIANO MUERTO,7503,-38.6333,-59.6167
CLAROMECO,7505,-38.7,-60.2333
MICAELA CASCALLARES,7507,-38.4833,-60.45
ORIENTE,7509,-38.7333,-60.6167
RETA,7511,-38.8333,-60.3667
GONZALEZ CHAVES,7513,-38.2551,-60.3718
DE LA GARMA,7515,-37.9667,-60.4167
JUAN E. BARRA,7517,-37.8,-60.4833
BARROW,7519,-38.3,-60.2333
LA GAVIOTA,7521,-38.3417,-59.7
PERALTA,7530,-38.05,-61.6667
DESPEÑADEROS,7531,-38.3278,-61.4444
QUIÑIHUAL,7533,-37.7833,-61.6
PONTAUT,7535,-37.7333,-61.3333
RESERVA,7536,-37.8333,-61.2167
BATHURST,7540,-37.5833,-61.8167
"SAN JOSE (PUEBLO SAN JOSE, PDO. CORONEL SUAREZ)",7541,-37.6,-61.8167
LA PRIMAVERA (PDO.CNEL.SUAREZ),7543,-37.3125,-61.9681
LA NEVADA,7545,-36.9333,-61.95
PASMAN,7547,-37.2167,-62.1333
PIÑEYRO (PDO. CNEL. SUAREZ),7548,-37.4667,-62.1
MAR DEL PLATA ESTAFETA No.42,7600,-38.0,-57.55
SAN JOSE DE OTAMENDI,7601,-37.9833,-57.7833
LA COLMENA,7603,-38.1167,-57.85
HARAS CHAPADMALAL,7605,-38.0917,-57.9667
BARRIO PARQUE BRISTOL,7607,-38.2889,-57.8944
SANTA CLARA DEL MAR,7609,-37.8333,-57.5
CAMET,7612,-37.8833,-57.6
SAN JULIAN,7613,-37.5333,-57.4833
EL VOLANTE,7620,-37.7625,-58.2542
"LA SARA (RAMOS OTERO, PDO. BALCARCE)",7621,-37.5333,-58.3333
CAMPO LA PLATA,7623,-38.0611,-58.4611
NECOCHEA ESTAFETA Nº6,7630,-38.55,-58.75
QUEQUEN ESTAFETA Nº4,7631,-38.55,-58.7
TAMANGUEYU,7633,-38.2,-58.7333
LOS CERROS,7635,-38.1,-58.8167
LA DULCE,7637,-38.2833,-59.2
LUMB,7639,-38.2167,-59.3167
RAMON SANTAMARINA,7641,-38.4333,-59.3333
CORONEL MALDONADO,8000,-38.7042,-62.2458
KILOMETRO 11 (APEADERO FCGR.),8010,-38.7042,-62.2458
ALDEA ROMANA,8101,-38.7,-62.2167
PUERTO BAHIA BLANCA,8103,-38.775,-62.2583
KILOMETRO 666 (APEADERO FCGR.),8105,-38.7,-62.4
BASE AERONAVAL COMANDANTE ESPORA,8107,-38.7819,-62.1875
PUNTA ALTA ESTAFETA Nº1,8109,-38.9222,-61.9222
ARROYO PAREJA,8111,-38.9333,-62.0667
BATERIAS,8113,-38.5412,-62.1373
PASO MAYOR,8115,-38.6667,-61.7833
CHOIQUE,8117,-38.4667,-62.7167
CABILDO,8118,-38.4833,-61.9
LA VITICOLA,8122,-38.5167,-62.3
BERRAONDO,8124,-38.4167,-62.8333
LA COLORADA CHICA,8126,-38.2083,-62.875
RIVADEO,8127,-38.15,-63.0667
DIECISIETE DE AGOSTO,8129,-37.9167,-62.9333
MEDANOS,8132,-38.8167,-62.6833
AVESTRUZ,8133,-37.6667,-63.35
LAGUNA CHASICO,8134,-38.8444,-63.1222
MONTES DE OCA,8136,-38.9167,-63.35
LA ADELA,8138,-38.9542,-64.175
SAN ADOLFO,8142,-39.475,-62.65
"EL PARAISO (TTE. ORIGONE, PDO. VILLARINO)",8144,-39.0333,-62.5833
"EL RINCON (MAYOR BURATOVICH, PDO. VILLARINO)",8146,-39.25,-62.6167
PEDRO LURO,8148,-39.4833,-62.6833
EL ZORRO,8150,-38.55,-61.0833
"LA AURORA (NICOLAS DESCALZI, PDO. CNEL. DORREGO)",8151,-38.6083,-60.9333
BALNEARIO SAUCE GRANDE,8153,-38.9833,-61.1833
SAN ROMAN,8154,-38.7333,-61.5333
JOSE A. GUISASOLA,8156,-38.6667,-61.0833
PARAJE LA AURORA,8158,-38.6167,-60.8667
FORTIN CHACO,8160,-38.0944,-62.1278
GARCIA DEL RIO,8162,-38.35,-62.2
COLONIA SAN MARTIN,8164,-37.9833,-62.3333
SALDUNGARAY,8166,-38.2,-61.7833
SIERRA DE LA VENTANA,8168,-38.15,-61.8
DUCOS,8170,-37.4667,-62.4167
ESPARTILLAR (PDO. SAAVEDRA),8171,-37.6458,-62.4583
ARROYO CORTO (PDO. SAAVEDRA),8172,-37.6458,-62.4583
ARROYO AGUAS BLANCAS,8174,-37.75,-62.3667
GOYENA,8175,-37.75,-62.6333
COLONIA DOCTOR GOBERNADOR UDAONDO,8180,-37.55,-62.7167
AZOPARDO,8181,-37.7333,-62.9167
DARREGUEIRA,8183,-37.7,-63.1667
PHILLIPPON,8185,-37.4583,-63.2208
BORDENAVE,8187,-37.8,-63.05
PUNTA RUBIA,8504,-40.8,-62.9833
SALINA DE PIEDRA,8506,-40.5389,-62.5167
JARILLA,8508,-40.6417,-63.2898
LOS POZOS,8512,-39.7667,-62.6167
ALTO,4703,-28.6275,-65.6261
LA AURORA (UNION - DPTO. GOBERNADOR V. DUPUY),5216,-29.8583,-64.6667
LA TRANCA,5421,-32.35,-67.2833
DESAGUADERO,5598,-33.4167,-67.1833
POZO ESCONDIDO,5700,-33.3,-66.35
PASO DEL REY,5701,-32.95,-66.0
LEANDRO N. ALEM,5703,-32.4833,-66.05
PAMPA INVERNADA,5705,-32.5889,-66.1778
LA BAVA,5706,-32.8049,-66.2152
PASO PIEDRA,5707,-32.4187,-66.4833
LA ESQUINA (LUJAN - DPTO. AYACUCHO),5709,-32.5333,-65.9333
PUESTO TALAR,5711,-32.1667,-65.875
BALDE DE LA LINEA,5712,-32.2351,-66.0825
BALDECITO,5713,-32.4,-66.1
SANTA RITA,5714,-32.2351,-66.0825
EL BARRIAL,5715,-32.325,-65.7042
EL PIMPOLLO,5717,-31.8833,-65.9333
SANTA ROSA DE CHIPISCU,5719,-33.025,-66.7
CHISCHAQUITA,5721,-34.1667,-66.3333
EL RIECITO,5722,-33.3833,-66.0167
JARILLA,5724,-33.4,-67.0333
LAVAISSE,5730,-33.8167,-65.4167
EL MORRO,5731,-33.2167,-65.4833
VILLA REYNOLDS,5733,-33.7167,-65.3833
LA VENECIA,5735,-33.2667,-65.6167
FRAGA,5736,-33.5,-65.8
LAS TOTORITAS,5738,-33.875,-65.1
DURAZNO CHICO,5741,-33.15,-66.35
SAN CAMILO,5743,-33.7833,-65.7333
EL POZO,5750,-33.2,-66.3667
SAN GREGORIO,5751,-33.2,-65.85
LAS LAJAS,5753,-32.6625,-65.7167
EL BAJO,5755,-32.6111,-65.9667
"SAN LORENZO (EL ARENAL, DPTO. PRINGLES)",5757,-32.7807,-65.8
NASCHEL VIEJO,5759,-32.7833,-65.475
GENERAL URQUIZA,5763,-32.9074,-65.9665
"EL SAUCE (CONCARAN, DPTO. CHACABUCO)",5770,-32.5667,-65.25
CABEZA DEL NOVILLO,5771,-32.3833,-65.4
OLMO,5773,-32.575,-65.3333
RENCA,5775,-32.7667,-65.3667
PIZARRAS BAJO VELEZ,5777,-32.3633,-65.21
LA CHILCA (DPTO. JUNIN),5779,-32.4692,-65.4233
LOS MOLLECITOS,5789,-32.9074,-65.9665
REAL,5831,-33.3833,-64.4917
VILLA DEL CARMEN,5835,-32.95,-65.05
LA ALEGRIA,5871,-31.7783,-65.3867
PUNTA DEL AGUA,5873,-32.1833,-65.25
CERRO DE ORO,5881,-32.3833,-65.0
CHAÑARITOS,5883,-32.5792,-65.075
CAÑADA LA NEGRA,5888,-32.1694,-65.0278
"LAS LAGUNAS (NUEVA GALIA, DPTO. GOBERNADOR V. DUPUY)",6121,-33.7,-63.55
"SAN ISIDRO (BATAVIA, DPTO. GOBERNADOR V. DUPUY)",6179,-34.1146,-63.5348
CASIMIRO GOMEZ,6214,-35.0833,-65.1167
"LOS LOBOS (UNION, DPTO. GDOR. V. DUPUY)",6215,-34.947,-65.2879
FORTUNA,6216,-35.1167,-65.3833
LA COLINA,6269,-34.9224,-64.4976
FRISIA (APEADERO FCGSM),6277,-34.75,-65.25
GLORIA A DIOS,6279,-34.89,-66.1317
LA TRAVESIA,6389,-35.7,-65.375
VILLA ANGELICA,2000,-32.9333,-60.5833
CHARIGUE,2100,-33.2677,-60.6792
COLONIA Nº6,2381,-30.4782,-61.8647
BARRIO NAZARET,2820,-33.0201,-58.6436
PEHUAJO NORTE,2821,-32.8967,-58.7606
ARROYO CABALLO,2823,-33.2708,-58.65
DOCTOR EUGENIO MUÑOZ,2824,-32.8083,-58.8417
"SAN ANTONIO (URDINARRAIN, DPTO. GUALEGUAYCHU)",2826,-32.6875,-58.8
LAS ROSAS,2828,-32.5583,-58.9167
ALBARDON,2840,-33.1481,-59.2764
SAN JULIAN,2841,-32.8278,-59.4167
QUINTO DISTRITO,2843,-32.7167,-59.4
SAUCE SUD,2845,-32.475,-59.3167
PUERTO PERAZZO,2846,-33.7,-59.1375
MEDANOS,2848,-33.4,-59.0833
LA COSTA,2852,-33.05,-59.1
LARROQUE,2854,-33.0333,-59.0167
KILOMETRO 340 (PARADA FCGU),2864,-33.2943,-59.025
BARRIO ESCUELA HOGAR,3100,-31.7556,-60.5444
MOLINO DOLL,3101,-32.3333,-60.4167
VILLA LIBERTADOR GENERAL SAN MARTIN,3103,-32.05,-60.45
DIAMANTE,3105,-32.0644,-60.6425
PRESIDENTE AVELLANEDA,3107,-31.8083,-60.4
SECCION URQUIZA,3109,-31.8833,-60.0167
ALMACEN CRISTIAN SCHUBERT,3111,-31.8,-59.95
COLONIA LOMA NEGRA,3112,-31.8474,-60.1912
COLONIA SAN MARTIN,3113,-31.5278,-60.2333
ESTABLECIMIENTO LA ESPERANZA,3114,-31.9125,-60.4208
ALDEA SAN JOSE,3116,-32.0167,-60.3167
SEGUI,3117,-31.95,-60.1333
SAUCE MONTRULL,3118,-31.6944,-59.7611
PUEBLO MORENO,3122,-31.5833,-60.0667
ALDEA SANTA MARIA,3123,-31.6,-60.0
DESTACAMENTO GENERAL GUEMES,3125,-31.4083,-60.0
PUEBLO BRUGO,3126,-31.3833,-60.1
VILLA HERNANDARIAS,3127,-31.2167,-59.9833
COLONIA BERRO,3128,-31.4449,-59.9641
PIEDRAS BLANCAS,3129,-31.1833,-59.9333
EL PINGO,3132,-31.5833,-59.8833
MARIA GRANDE,3133,-31.65,-59.9
HASENKAMP,3134,-31.5167,-59.85
ALCARAZ NORTE,3136,-31.4167,-59.75
ALCARAZ SUD,3137,-31.5611,-59.8167
COSTA DEL PAYTICU,3138,-31.4667,-59.6
LA DILIGENCIA,3142,-31.2667,-59.425
ALCARAZ 1º,3144,-31.25,-59.1583
NOGOYA,3150,-32.3997,-59.7994
COLONIA ANGELA,3151,-32.3889,-59.9333
VICTORIA,3153,-32.6184,-60.1548
PUERTA DE CRESPO,3155,-32.7417,-59.8417
CAMPO ESCALES,3156,-32.3278,-59.9667
LA FAVORITA,3158,-32.4389,-59.6
"LOS PARAISOS (20 DE SETIEMBRE, DPTO. NOGOYA)",3159,-32.4591,-59.8567
HINOJAL,3162,-32.25,-60.1667
DON CRISTOBAL,3164,-32.0667,-60.0
TRES ALDEAS,3170,-32.3667,-58.8833
OLEGARIO V. ANDRADE,3172,-32.3333,-59.45
LA OLLITA,3174,-32.2827,-59.1576
SOLA,3176,-32.3333,-59.3667
RAICES ESTE,3177,-32.04,-59.2833
DIEGO LOPEZ,3180,-30.95,-58.8
PUNTAS DE MOREIRA,3181,-31.4278,-58.7556
LAGUNA BENITEZ,3183,-30.6333,-58.4933
COLONIA LA UNION,3185,-30.2917,-58.3333
MESA,3187,-30.4389,-58.6778
EL CIMARRON,3188,-30.9667,-59.0
EJIDO SUD,3190,-30.7167,-59.4556
COLONIA OFICIAL Nº13,3191,-30.6792,-59.1646
PASO GARIBALDI,3192,-30.4157,-59.198
PASO TELEGRAFO,3194,-30.4157,-59.198
LESCA,3200,-31.4,-58.0333
COLONIA AYUI GRANDE,3201,-31.5,-58.0278
CALABACILLAS,3203,-31.5,-58.1333
KILOMETRO 37 (FCGU),3204,-31.1833,-57.9667
GUAYAQUIL,3206,-31.0,-57.9
COLONIA ENSANCHE SAUCE,3208,-30.9,-57.9333
LA INVERNADA,3212,-31.2476,-58.3476
ESTACION YERUA,3214,-31.425,-58.1917
LA QUINTA,3216,-31.5056,-58.4111
VILLAGUAYCITO,3218,-31.6083,-58.6583
KILOMETRO 161 (PARADA FCGU),3220,-30.25,-57.65
LA BLANQUEADA,3224,-30.05,-57.8167
COLONIA VILLA LIBERTAD,3228,-30.8417,-58.0083
"LA COLORADA (TATUTI, DPTO. FEDERACION)",3229,-30.8083,-58.0833
VILLAGUAY,3240,-31.85,-59.0167
LUCAS SUD,3241,-31.5708,-59.0208
LA JOYA,3244,-32.175,-58.9333
RACHEL,3246,-32.1028,-58.8222
CARAGUATA,3248,-32.1667,-58.8833
VERGARA,3252,-31.8417,-58.825
COLONIA SAN ERNESTO,3254,-31.7333,-58.6167
KILOMETRO 112 (APEADERO FCGU),3260,-32.4833,-58.2283
COLONIA SANTA ANA,3261,-32.6533,-58.2967
KILOMETRO 270 (APEADERO FCGU),3262,-32.45,-58.4833
PRONUNCIAMIENTO,3263,-32.35,-58.4333
"SAN FRANCISCO (VILLA ELISA, DPTO. COLON)",3265,-32.1083,-58.4667
COLONIA VAZQUEZ,3267,-32.1667,-58.55
ARROYO BARU,3269,-31.8667,-58.4333
ESTANCIA COLONIA LA TAPERA,3272,-32.4222,-58.6722
PUERTO COLORADO,3280,-32.3,-58.1833
FABRICA COLON,3281,-32.15,-58.1833
SAN JOSE (DPTO. COLON),3283,-32.1917,-58.2167
MARTINIANO LEGUIZAMON,3285,-31.9167,-58.3167
SEXTO DISTRITO COLON,3287,-31.7833,-58.3
PUERTO YEBEBIRI,3322,-27.2667,-55.5333
KILOMETRO 376 (APEADERO FCGU),3446,-28.7611,-58.6722
ALDEA SAN JUAN,3826,-32.7,-58.7667
"LA LIBERTAD (EL MEDANO, DPTO. CAPITAL)",5263,-29.4528,-65.6306
EL MEDANITO,5272,-30.9444,-65.6444
MILAGRO,5274,-31.0167,-65.9833
ESQUINA GRANDE,5275,-30.8533,-66.1533
LA ZANJA,5276,-30.6,-65.9056
BARRIO 3 DE FEBRERO,5300,-29.3583,-66.7583
ANCHICO,5301,-29.6333,-66.3833
ANJULLON,5303,-28.7167,-66.9333
TALAMUYUNA,5304,-29.7167,-66.85
LOS BALDES,5310,-28.55,-66.8167
MACHIGASTA,5311,-28.55,-66.8
KILOMETRO 891 (APEADERO FCGB),5313,-28.6667,-66.5667
"BUENA VISTA (CAMPANA, DPTO. FAMATINA)",5316,-28.3462,-66.3654
ALPASINCHE,5325,-28.3167,-67.05
SALICAS,5327,-28.3667,-67.05
ANDOLUCAS,5329,-28.5479,-67.175
"SAN JOSE (VILLA UNION, DPTO. GRAL. LAVALLE)",5350,-29.3,-68.2
LOS PALACIOS,5351,-29.3667,-68.1833
GUANDACOL,5353,-29.5236,-68.5578
EL CONDADO,5355,-28.9667,-68.1833
EL HORNO,5357,-28.75,-68.1667
PEÑAS BLANCAS,5359,-28.6333,-68.4
"LA PUNTILLA (CHILECITO, DPTO. CHILECITO)",5360,-29.15,-67.5333
ANTINACO,5361,-28.8167,-67.3167
ANGUINAN,5363,-29.2,-67.4667
FAMATINA,5365,-28.9167,-67.5167
MIRANDA,5367,-29.3333,-67.6833
PAGANZILLO,5369,-29.0062,-67.5375
"SANTA CRUZ (CHEPES, DPTO. ROSARIO VERA PEÑALOZA)",5370,-29.3917,-67.5083
NONOGASTA,5372,-29.3,-67.5
CATINZACO (EMBARCADERO FCGB),5374,-29.4833,-67.5167
POLCO,5380,-30.35,-66.3167
QUEBRACHAL,5381,-30.4833,-66.1833
TALA VERDE,5383,-30.4667,-66.3667
PUNTA DE LOS LLANOS,5384,-30.15,-66.55
NACATE,5385,-30.85,-66.45
SALINAS DE BUSTOS,5386,-30.0625,-67.2167
CHEPES,5470,-31.2667,-66.6
LAS TOSCAS,5471,-31.75,-66.75
LA AMERICA,5472,-31.3841,-66.3761
SIEMPRE VERDE,5473,-31.6405,-66.1024
DESIDERIO TELLO,5474,-31.2167,-66.3167
EL CERCO,5475,-30.6444,-66.1167
NUEVA CERES,2340,-29.8833,-61.95
LA GERALDINA,2341,-29.9167,-62.1722
"LA BLANCA (ARGENTINA, DPTO.AGUIRRE)",2354,-29.4667,-62.3867
SAN RUFINO,2356,-29.3667,-62.8833
MARTINEZ,2357,-29.4,-62.7833
LA PANCHITA,3054,-30.1083,-60.4167
CUATRO BOCAS,3061,-28.8667,-61.85
"EL CRUCERO (FORTIN INCA, DPTO. BELGRANO)",3062,-29.2833,-62.0625
EL TOBIANO (EMBARCADRO FCGB),3064,-28.9583,-62.2917
TOMAS YOUNG,3165,-32.16,-60.16
TABLEADO,3238,-29.6452,-57.131
COLONIA EL PELIGRO,3712,-26.1944,-62.0
EL PALMAR,3714,-25.7583,-63.2167
SACHAYOJ,3731,-26.6833,-61.8333
"EL ARBOLITO (GANCEDO, DPTO.MORENO)",3734,-27.4667,-61.6875
HUCHU-PAYANA (APEADERO FCGB),3736,-27.6944,-61.9778
SANTA JUSTINA (ESTACION FCGB),3740,-27.6333,-62.4167
EL TANQUE,3741,-27.3681,-62.4792
MONTE ALTO (EMBARCADERO FCGB),3743,-27.0333,-62.7167
"KILOMETRO 694 (DESVIO PARTICULAR, FCGB)",3745,-26.92,-63.0633
SANTA LIA,3747,-26.6083,-62.85
"AGUA BLANCA (SANTA ROSA, DPTO. ALBERDI)",3749,-26.65,-63.2
VILELAS,3752,-27.95,-62.6333
TINAPJERAYOJ,3760,-28.4667,-62.8333
LOS LINARES,3761,-28.3667,-62.55
"LA SIMONA (LOS JURIES, DPTO. GRAL. TABOADA)",3763,-28.4667,-62.1
KILOMETRO 443 (APEADERO FCGB),3765,-28.2167,-61.9667
KILOMETRO 433 (EMBARCADERO FCGB),3766,-28.6917,-62.525
POZO DEL ARBOLITO,4176,-27.5944,-65.1917
EL PACARA,4178,-27.02,-65.0167
"EL CAMBIADO (POZO HONDO, DPTO.JIMENEZ)",4184,-27.3864,-64.6864
EL PALOMAR (DPTO. JIMENEZ),4186,-26.8333,-64.8333
EL CAMBIADO (DPTO. PELLEGRINI),4187,-26.7111,-64.3944
LAS LOMAS (DPTO. PELLEGRINI),4189,-27.3972,-64.1556
"MONTE QUEMADO (7 DE ABRIL, DPTO. PELLEGRINI)",4195,-26.2833,-64.475
QUEBRADA ESQUINA,4197,-26.11,-64.13
BARRIO NORTE,4200,-27.7667,-64.425
"KANTI TACKO (NARANJITO, DPTO. RIO HONDO)",4201,-27.7869,-64.4012
LAS FLORES (LA PUNTA-DPTO. CHOYA),4203,-28.1606,-64.7318
SAN RAMON (LAPRIDA-DPTO.CHOYA),4205,-28.5056,-64.6167
BUEY RODEO,4206,-28.1188,-64.2917
PUESTO DE JUANES,4208,-28.3556,-64.1833
"MONTE REDONDO (SAN VICENTE, LORETO, DPTO. LORETO)",4212,-28.7667,-64.0833
AGUADA,4220,-27.55,-64.87
YUTO YACA,4221,-27.4417,-64.9583
TALA POZO (VINARA-DPTO.RIO HONDO),4223,-27.3889,-64.8167
PATILLO,4225,-27.3833,-64.64
PUERTA DE LAS PIEDRAS,4230,-28.8667,-64.9542
EL SALVADOR,4231,-28.6333,-65.25
"SAN JUAN (CHOYA, DPTO.CHOYA)",4233,-28.2958,-64.8583
RUMI ESQUINA,4234,-28.4667,-65.0167
"FLORIDA (LAS PEÑAS, DPTO. CHOYA)",4237,-28.2667,-64.9417
ABRA DE QUIMIL,4238,-28.0667,-64.6767
POZANCON,4239,-27.9667,-64.9333
"CHAÑAR PUJIO (SILIPICA, DPTO.SILIPICA)",4296,-27.9333,-64.1667
ALBARDON CHUÑA,4298,-27.9333,-64.1667
"EL ALAMBRADO (LA BANDA, DPTO.BANDA)",4300,-27.7222,-64.1944
VILLA HIPOLITA,4301,-27.7667,-63.9833
LA CAÑADA (SAN RAMON-DPTO.BANDA),4302,-27.5625,-64.3271
ANCHORIGA,4303,-27.1846,-64.0675
LOS QUEBRACHOS,4304,-26.5333,-64.3167
CASHICO,4306,-27.1967,-64.7033
TACO PUJIO,4308,-27.85,-64.0667
MORELLO,4312,-27.8833,-63.9667
BREA POZO,4313,-28.25,-63.95
"TORO POZO (GARZA, DPTO.SARMIENTO)",4314,-28.4786,-63.775
"SAN LUIS (ESTACION ATAMISQUI, DPTO.ATAMISQUI)",4315,-28.4611,-63.9056
"ESPERANZA (VILLA ATAMISQUI, DPTO. ATAMISQUI)",4317,-28.5333,-63.7583
VACA HUMAN,4318,-28.4786,-63.775
TOLOZAS,4319,-28.6667,-63.6583
TRONCAL,4321,-28.9958,-63.35
"TUSCA POZO (FERNANDEZ, DPTO.ROBLES)",4322,-27.8222,-64.1222
TACO HUACO,4324,-28.1917,-63.55
MOCONZA,4326,-28.275,-63.5042
SAN ANTONIO DE COPO,4328,-28.6167,-63.1667
BLANCA POZO,4332,-28.7167,-63.1
LA COSTA,4334,-28.75,-62.875
ABRA GRANDE,4336,-27.2833,-64.3667
"SAN ISIDRO (CLODOMIRA, DPTO.BANDA)",4338,-27.5722,-64.1056
SEÑORA PUJIO,4339,-27.97,-63.71
"SANTO DOMINGO (LUGONES, DPTO.AVELLANEDA)",4343,-27.7196,-63.7164
MONTE RICO (DPTO. ALBERDI),4349,-27.7196,-63.7164
ALEJITO,4350,-27.8033,-63.43
STAYLE,4351,-27.5333,-62.9
ALZA NUEVA,4352,-27.5853,-63.3627
MINERVA,4353,-27.2771,-63.3937
EL CUELLO,4354,-27.5183,-63.7017
TIUN PUNCO,4355,-28.05,-63.3167
VILLA MATARA,4356,-28.1167,-63.2833
"EL PALOMAR (VILLA BRANA, DPTO. MORENO)",4361,-27.7196,-63.7164
ABRA CORO,4436,-24.8492,-64.8348
"LA NORIA (ESTACION ATAMISQUI, DPTO. ATAMISQUI)",4514,-23.7833,-64.7833
"SUNCHO POZO (BREA POZO, DPTO.SAN MARTIN)",4613,-23.9538,-65.3744
QUERA,4643,-22.7267,-66.4083
"POZO CEBADO (OJO DE AGUA, DPTO. OJO DE AGUA)",5150,-31.3603,-64.6885
"LA HIGUERA (ARRAGA, DPTO.SILIPICA)",5206,-30.3402,-64.1561
"EL BARRIAL (CANDELARIA, DPTO. OJO DE AGUA)",5249,-29.8333,-63.0833
LA PRIMAVERA,5250,-29.1833,-63.8833
YUMAMPA,5251,-29.1229,-63.8271
TENTI TACO,5253,-29.3556,-63.35
LIMACHE,5255,-29.5396,-63.3292
ORATORIO,5257,-29.15,-63.3667
SAN PEDRO (KILOMETRO 49-DPTO.OJO DE AGUA),5258,-29.1333,-63.9667
VEINTICINCO DE MAYO DE BARNEGAS,5260,-29.225,-65.1333
"PARANA (QUIROS, DPTO. CHOYA)",5266,-28.7833,-65.1167
VILLA BARRIO CENTENARIO,3500,-27.45,-58.9833
LA LIGURIA,3501,-27.1357,-59.1119
LA TOMA,3503,-27.5,-58.9333
COLONIA BARANDA,3505,-27.5667,-59.3
LOS ALGARROBOS,3506,-27.7,-59.1167
PAMPA ALMIRON,3507,-26.7,-59.1333
KILOMETRO 39 (EMBARACADERO FCGB),3508,-27.1357,-59.1119
KILOMETRO 59 (EMBARCADERO FCGB),3509,-26.4722,-59.3556
COLONIA RODRIGUEZ PEÑA,3511,-26.1333,-59.6
CHARADAI,3513,-27.6333,-59.9
FONTANA,3514,-27.4167,-59.0333
CAPITAN SOLARI,3515,-26.8,-59.5667
LAS MERCEDES,3516,-27.95,-59.275
LOMA ALTA,3518,-27.0083,-58.7583
LA MAGDALENA,3522,-26.9333,-58.6667
EL MIRASOL,3524,-26.9333,-58.5
KILOMETRO 76 (RIO BERMEJO),3526,-26.6083,-58.7417
QUITILIPI,3530,-26.8667,-60.2167
SANTOS LUGARES,3531,-26.4667,-60.025
FORTIN AGUILAR,3532,-27.0667,-59.6333
"LOTE 3 (ESCUELA 144) (MACHAGAI, PDO. 25 DE MAYO)",3534,-26.7917,-60.0167
CUATRO ARBOLES,3536,-26.9389,-60.2889
VILLA ANGELA,3540,-27.5833,-60.7167
CORONEL DU GRATY,3541,-27.6667,-60.9333
HAUMONIA,3543,-27.4833,-60.1833
KILOMETRO 525 (APEADERO FCGB),3545,-27.2833,-60.4167
KILOMETRO 184,3620,-25.1542,-59.3875
PAMPA LOCA,3700,-26.7833,-60.45
LA TIGRA,3701,-27.1,-60.5667
EL TREINTA Y SEIS,3703,-25.8778,-60.3556
FUERTE ESPERANZA,3705,-25.4472,-60.8806
LOTE 34,3706,-26.65,-60.6389
PAMPA JUANITA,3708,-26.5583,-61.0583
LAS CHUÑAS,3716,-26.8,-60.8333
CORZUELA,3718,-26.95,-60.9667
EL TRIANGULO,3722,-27.05,-61.0944
PAMPA DEL CIELO (EMBARCADERO FCGB),3730,-27.0722,-61.2667
COLONIA BRAVO,3732,-27.35,-61.1833
HERMOSO CAMPO,3733,-27.6,-61.35
BARRIO VILLA PALERMO,5400,-31.4374,-68.5612
PUCHUZUN,5401,-31.1333,-69.4667
CABECERA DEL BARRIAL,5403,-31.186,-69.4825
LEONCITO,5405,-31.6333,-69.4667
MARQUESADO,5407,-31.5167,-68.6167
ULLUM (ESTACION FRCGB),5409,-30.6484,-68.6202
LUZ DEL MUNDO,5411,-31.5333,-68.4833
VILLA SANTA PAULA,5413,-31.4833,-68.5333
ALAMITO,5415,-31.4492,-68.3812
LOS QUILLAY,5417,-31.65,-68.4
"TIERRA ADENTRO (ALBARDON, DPTO. ALBARDON)",5419,-31.4186,-68.5128
CAPITAN LAZO,5423,-31.8472,-68.2028
VILLA LARGA,5424,-31.8472,-68.2028
COLONIA FLORIDA,5425,-31.5667,-68.5333
COLONIA ZAVALLA,5427,-31.65,-68.5833
POCITO-RINCONADA,5429,-31.7167,-68.5833
LOS BERROS,5431,-31.9511,-68.6622
ESTACION LA RINCONADA,5433,-31.9026,-68.4343
QUIROGA (APEADERO FCGSM),5435,-32.0212,-68.2672
PEDRO ECHAGUE,5436,-31.9026,-68.4343
USINA,5438,-31.5417,-68.3833
"LA PUNTILLA (SAN MARTIN, DPTO. SAN MARTIN)",5439,-31.55,-68.3333
CALIBAR (APEADERO FCGB),5442,-31.6542,-68.2853
CUATRO ESQUINAS,5443,-31.7024,-68.2609
BERMEJO,5444,-31.6167,-67.65
"SAN CARLOS (MARAYES, DPTO. CAUCETE)",5446,-31.3889,-67.3889
LOS BALDES,5447,-30.9667,-67.3694
USNO,5449,-30.8741,-67.8981
OTRA BANDA,5460,-30.2425,-68.7458
LA FALDA,5461,-30.1667,-68.65
HUACO,5463,-30.15,-68.5167
"CERRO NEGRO (RODEO, DPTO. IGLESIA)",5465,-30.2277,-69.1743
EL CHINGUILLO,5467,-30.1267,-69.1827
TRANCAS,5480,-31.1896,-68.0708
COLANGUIL,5546,-32.7896,-68.8979
EL ARROYO,4139,-26.7717,-66.285
TINTIGASTA,4235,-28.3667,-65.4833
LAZARETO,4700,-28.4633,-65.7667
TOTORITAS,4701,-28.7833,-65.5139
MOTA BOTELLO (ESTACION FCGB),4705,-28.5,-65.75
"EL BAÑADO (VALLE VIEJO, DPTO. VALLE VIEJO)",4707,-28.4444,-65.7333
PIEDRA BLANCA,4709,-28.3833,-65.7
EL PUCARA,4711,-27.9074,-65.9667
OCHO VADOS,4713,-28.1386,-65.8088
LA PIEDRA,4715,-28.2167,-65.8667
SALCEDO,4716,-28.3667,-65.6167
LOS GALPONES,4718,-28.6333,-65.6333
"EL ROSARIO (LA HIGUERA, DPTO. PACLIN)",4719,-27.8833,-65.7167
LOS OVEJEROS,4722,-28.05,-65.5167
YAQUICHO,4723,-28.0852,-65.3704
"AGUA COLORADA (NUEVA CONETA, DPTO. VALLE VIEJO)",4724,-28.59,-65.92
SAN PABLO,4726,-28.7,-66.0333
TRAMPASACHA,4728,-28.8667,-66.2333
ANDALGALA,4740,-27.6,-66.3167
AMANAO,4741,-27.55,-66.5167
ALUMBRERA,4743,-27.5167,-66.0333
LA PUNTILLA (BELEN-DPTO.BELEN),4750,-27.8222,-66.3611
CACHIJAN,4751,-27.1861,-66.8389
LOS COLORADOS,4753,-27.6583,-67.1583
SAN BUENA VENTURA,4758,-27.4455,-66.7667
CAMPITOS,5139,-30.9778,-62.8556
LA MONTOSA,5261,-28.9922,-65.4289
"CHAÑARITOS (SAN ANTONIO DE LA PAZ, DPTO. LA PAZ)",5264,-28.9333,-65.1
BREA,5265,-28.9833,-65.7667
"ESTACION POMAN (EL PAJONAL, DPTO. POMAN)",5315,-28.3833,-66.2583
MUTQUIN,5317,-28.3167,-66.1667
SAN JOSE (COIPES-DPTO.POMAN),5319,-28.05,-66.2167
TUCUMANAO,5321,-28.0667,-66.6167
EL PUEBLITO,5331,-28.2833,-67.2458
LA CANDELARIA,5333,-28.1833,-67.575
LAS HIGUERITAS,5340,-28.0667,-67.5667
SAUJIL DE TINOGASTA,5341,-27.4905,-67.6405
SANTA ROSA (DPTO.TINOGASTA),5343,-27.5759,-67.6315
FIAMBALA,5345,-27.6833,-67.6333
AGUA DE TORRE,5621,-35.7375,-68.0792
REALICO,6200,-35.0333,-64.25
CHANILAO,6201,-35.3333,-64.0
LA POSITIVA,6203,-35.4167,-64.3
"EL GUANACO (ING. LUIGGI, DPTO. RANCUL)",6205,-35.4167,-64.4833
OJEDA,6207,-35.3333,-64.0
FALUCHO,6212,-35.1833,-64.1
LOTE 15 (RANCUL),6213,-35.1333,-64.5333
EL ANTOJO,6220,-35.0333,-63.5667
"LA VICTORIA (INTENDENTE ALVEAR, DPTO. CHAPALEUFU)",6221,-35.2667,-63.675
TRES LAGUNAS,6228,-35.0125,-63.8458
"LA PRIMAVERA (SANTA ROSA, DPTO. CAPITAL)",6300,-36.6167,-64.2833
POTRILLO OSCURO,6301,-36.8833,-63.8375
"LA CELINA (TOAY, DPTO. TOAY)",6303,-36.7,-64.35
SANTA STELLA,6305,-37.1667,-63.7083
"LA ESMERALDA (MACACHIN, DPTO. ATREUCO)",6307,-37.1583,-63.5917
COLONIA ANASAGASTI,6309,-37.4167,-63.6833
GUATRACHE,6311,-37.6667,-63.5333
RICARDO LAVALLE,6312,-35.1333,-64.1667
WINIFREDA,6313,-36.25,-64.2333
VILLA MIRASOL,6315,-36.0667,-63.8833
LA FLORENCIA,6317,-36.1917,-65.2
SAN FRANCISCO,6319,-36.4611,-65.3556
LA FE,6321,-36.6375,-66.5208
MEDANOS NEGROS,6323,-36.3394,-66.9121
QUEHUE,6325,-37.1333,-64.5167
"LA ESPERANZA (ANGUIL, DPTO. CAPITAL)",6326,-36.5167,-64.0167
LA LEÑA,6330,-36.4333,-63.4
"ZONA RURAL (MIGUEL CANE, DPTO. QUEMU QUEMU)",6331,-36.2083,-63.475
COLONIA LA SARA,6333,-36.025,-63.625
LA JAPONESA,6336,-36.4167,-63.287
LA BILBAINA,6345,-36.5095,-63.3214
LA SEGUNDA,6352,-36.4667,-63.6167
SAN ANDRES,6354,-36.5,-63.8333
CARLOS BERG,6360,-35.6667,-63.7333
TREBOLARES,6361,-35.5833,-63.5833
"ZONA RURAL (DORILA, DPTO. MARACO)",6365,-35.6625,-63.7625
ARGENTINA BELVEDERE,6367,-35.75,-63.9333
CAMPO SALUSSO,6369,-35.7,-64.1333
LOTE 20 (LA CARLOTA),6380,-35.9333,-64.375
"EL DESTINO (CONELO, DPTO. CONELO)",6381,-36.0333,-64.7083
SECCION PRIMERA CONELO,6383,-35.8667,-64.15
COLONIA LAS PIEDRITAS,6385,-35.6583,-64.7875
LOTE 15 (ESCUELA 18),6387,-35.5833,-64.55
"VALLE ARGENTINO (GRAL. ACHA, DPTO. UTRACAN)",8200,-37.2667,-64.7389
SAN SALVADOR,8201,-37.6583,-66.4479
LA SIN NOMBRE,8203,-37.2667,-64.5667
NARCISO LEVEN,8204,-37.65,-63.9583
COLONIA ESPAÑA,8206,-38.0778,-63.6222
CAMPO NICHOLSON,8208,-38.0667,-63.4333
"LA VICTORIA (HUCAL, DPTO. HUCAL)",8212,-37.7,-64.0833
SANTA CLARA,8214,-37.6467,-64.33
LOS MORROS,8238,-37.6641,-64.8647
LA COPELINA,8307,-37.2667,-67.5833
LA PROVIDENCIA,8336,-39.0,-66.9042
BARRIO OLIVARES,5500,-32.8833,-68.8167
CERRILLOS AL SUD,5501,-32.9167,-68.8333
SAN FRANCISCO DEL MONTE,5503,-33.0778,-68.8556
CARBOMETAL,5505,-32.9778,-68.8667
MAYOR DRUMMOND,5507,-33.0167,-68.8833
CARRIZAL DE ABAJO,5509,-33.3,-68.75
BARRIO SARMIENTO,5511,-32.95,-68.8
BARRIO SAN EDUARDO,5513,-32.9583,-68.7833
MAIPU,5515,-32.9667,-68.7833
LA JAULA,5517,-34.6667,-69.3167
SAN JOSE (DPTO. GUAYMALLEN),5519,-33.1561,-68.8288
BARRIO EMPLEADOS DE COMERCIO,5521,-32.9,-68.7833
JESUS NAZARENO,5523,-32.9333,-68.7667
PRIMAVERA,5525,-32.9167,-68.6667
VERGEL,5527,-32.8,-68.6333
COLONIA JARA,5529,-32.975,-68.6833
SANTA BLANCA,5531,-33.0333,-68.6667
SANTA MARTA,5533,-32.7833,-68.669
COLONIA DEL CARMEN,5535,-32.7333,-68.3556
LOS BLANCOS,5537,-32.5222,-67.4056
TROPERO SOSA,5539,-32.8417,-68.8417
PASO HONDO,5541,-32.8,-68.75
ALTO GRANDE,5543,-32.6833,-68.71
GOBERNADOR BENEGAS,5544,-32.95,-68.85
TERMAS VILLAVICENCIO,5545,-32.5167,-69.0167
BARRIO VILLA DEL PARQUE,5547,-32.9167,-68.8333
AGUA DE LOS MANANTIALES,5549,-32.9625,-69.1333
POLVAREDA,5551,-32.7833,-69.6333
LA PIRATA,5553,-32.85,-69.75
PUENTE DEL INCA,5555,-32.8167,-69.9167
LAS CUEVAS,5557,-32.8167,-70.05
LAS ROSAS,5560,-33.525,-69.0083
EL PERAL,5561,-33.37,-68.9033
ESTANCIA LA PAMPA,5563,-33.4667,-69.2833
CAMPO LOS ANDES,5565,-33.7,-69.15
LA CONSULTA,5567,-33.7333,-69.1167
TRES ESQUINAS,5569,-33.8333,-69.0667
BUEN ORDEN,5570,-33.4375,-68.4625
EL ALTO SALVADOR,5571,-33.2894,-68.4576
VILLA DE JUNIN,5573,-33.15,-68.4833
ANDRADE,5575,-33.1833,-68.5167
VILLA SAN ISIDRO,5577,-33.1833,-68.4667
PHILIPPS,5579,-33.2,-68.3833
COLONIA TABANERA,5580,-33.0222,-68.5056
ALGARROBO GRANDE,5582,-33.1167,-68.4167
GURRUCHAGA,5584,-33.05,-68.5667
LA ISLA,5585,-33.15,-68.6083
SAN ROQUE,5587,-33.05,-68.5833
REYES,5589,-32.8889,-68.3944
KILOMETRO 935 (DESVIO FCGSM),5590,-33.5444,-67.3111
CIRCUNVALACION,5591,-33.5389,-67.3389
LA DORMIDA,5592,-33.35,-67.9167
"EL RETIRO (COMANDANTE SALAS, DPTO. SANTA ROSA)",5594,-33.4944,-68.0
LA CHILCA,5595,-34.05,-67.9667
SANTA ROSA,5596,-33.25,-68.15
SAN RAFAEL,5600,-34.6,-68.3333
CAPITAN MONTOYA,5601,-34.5833,-68.45
GOUDGE,5603,-34.6667,-68.1333
BALLOFET,5605,-34.9667,-68.5278
"EL ALGARROBAL (CUADRO NACIONAL, DPTO. SAN RAFAEL)",5607,-34.6167,-68.2833
GOLCO,5609,-34.625,-67.6917
COLHUECO,5611,-35.9444,-69.7806
CAJON GRANDE,5613,-35.6917,-69.7
LOS REYUNOS,5615,-34.5833,-68.55
BARRIO SAN CARLOS,5620,-34.9667,-67.7
VILLA ATUEL,5622,-34.8333,-67.9
COLONIA LOPEZ,5623,-34.8667,-67.85
REAL DEL PADRE,5624,-34.8333,-67.7667
SOITUE (ESTACION FCDFS),5632,-35.0,-67.6417
KILOMETRO 884,5634,-34.9583,-67.525
KILOMETRO 43,5635,-34.9905,-67.2524
PASO DE LOS GAUCHOS,5636,-35.1583,-66.6833
CORRAL DE LORCA,5637,-34.7,-67.0667
"LOS CAMPAMENTOS (RIVADAVIA, DPTO. RIVADAVIA)",5677,-35.1174,-68.3656
LA ROTONDA,3300,-27.3833,-55.8833
VILLA LONCA,3304,-27.4667,-55.8667
KILOMETRO 538 (APEADERO FCGU),3306,-27.5833,-55.5767
PUERTO LA MINA,3308,-27.5167,-55.725
CERRO CORA,3309,-27.5167,-55.6167
"COLONIA ALBERDI (OLEGARIO V. ANDRADE, DPTO. LEANDRO N. ALEM)",3311,-27.5583,-55.4833
PICADA POLACA,3313,-27.6611,-55.4889
MECKING,3315,-27.6722,-55.2444
LORETO,3316,-27.3167,-55.5333
ALMAFUERTE,3317,-27.5167,-55.4
COLONIA MARTIRES,3318,-27.5512,-55.4143
GOBERNADOR ROCA,3324,-27.1833,-55.4667
SANTO PIPO,3326,-27.1333,-55.4167
PUERTO CAZADOR,3327,-27.1667,-55.55
OJO DE AGUA,3328,-27.0192,-55.2609
MBOPICUA,3332,-26.9,-55.05
SAN SEBASTIAN,3334,-26.8357,-55.0333
RINCON DE CHIMTRAY,3350,-27.7,-55.4556
ARROYO CHICO,3351,-28.0625,-55.6417
MACHADIÑO,3353,-27.88,-55.3533
COLONIA SAN JAVIER,3355,-27.94,-55.4433
SAN JAVIER,3357,-27.8833,-55.1333
ESTACION APOSTOLES,3358,-27.9167,-55.8
PUEBLO SALTO,3360,-27.5,-55.2
SAMAMBAYA,3361,-27.5278,-55.1278
YERBAL VIEJO SECCION 4,3362,-27.3,-55.0
PUERTO LONDERO,3363,-27.3833,-54.4333
TOBUNAS,3364,-26.9417,-54.2583
BERNARDO DE IRIGOYEN,3366,-26.25,-53.65
PUERTO CAROLINA,3370,-25.5991,-54.5736
CABURE I,3371,-25.6833,-54.1333
CATARATAS DEL IGUAZU,3372,-25.6667,-54.45
LIBERTAD,3374,-25.9167,-54.6
COLONIA WANDA,3376,-25.9667,-54.4667
COLONIA HELVECIA,3378,-26.0292,-54.6333
ELDORADO,3380,-26.4,-54.6333
PUERTO PIRAY,3381,-26.4667,-54.7
PUERTO PINARES,3382,-26.4167,-54.6833
ITA-CURUZU,3384,-26.4208,-54.6083
PUERTO ALCAZAR,3386,-26.65,-54.7917
PICADITA,3601,-26.19,-58.5733
VILLA ESCOLAR,3525,-26.6167,-58.6667
ISLA 9 DE JULIO,3600,-25.8167,-58.0667
KILOMETRO 232 (NAVEGACION RIO BERMEJO),3603,-25.9655,-58.5429
SAN HILARIO,3604,-26.0333,-58.65
GENDARME VIVIANO GARCETE,3606,-25.7167,-59.1
ESTERO GRANDE,3608,-25.5667,-59.35
EL PARAISO,3610,-25.1833,-57.9667
ANGOSTURA,3611,-25.2875,-58.1083
PRIMERA JUNTA,3613,-25.24,-58.2667
SOLDADO HERIBERTO AVALOS,3615,-25.0056,-58.6889
MAESTRO FERMIN BAEZ,3621,-24.4167,-59.6083
TENIENTE BROWN,3622,-24.8,-60.4667
LEGUA A,3624,-25.4667,-59.8833
CABO PRIMERO CASIMIRO BENITEZ,3626,-24.7633,-60.47
VILLA GRAL. URQUIZA,3628,-24.0833,-61.2
FORTIN PILCOMAYO,3630,-23.8667,-60.8833
POZO DEL MORTERO,3632,-24.4,-61.0333
LA PALMITA,3634,-24.25,-61.25
BARRIO SAN LORENZO,8300,-38.95,-68.0667
PLANICIE BANDERITA,8301,-38.8083,-68.0833
SAN PATRICIO DEL CHAÑAR,8305,-38.3375,-68.5167
BARRIO SARMIENTO,8309,-38.8,-68.1333
VILLA EL CHOCON,8311,-39.2333,-68.75
PANTANITOS,8313,-39.2278,-68.8056
NOGUEIRA,8315,-40.0667,-70.1472
EL ZORRO,8316,-38.9833,-68.325
PIEDRA CAIDA,8318,-38.8056,-69.1778
PUESTO HERNANDEZ (BATERIAS DE Y.P.F.),8319,-39.4467,-69.3489
CUTRAL-CO,8322,-38.9333,-69.2333
RAMON M. CASTRO (ESTACION FCGR),8340,-38.7167,-70.1583
CATAN LIL,8341,-39.75,-70.6167
HARAS PATRIA,8345,-39.0667,-70.8333
PINO HACHADO,8347,-38.6667,-70.9
HUALCUPEN,8349,-37.9667,-70.6
CHURRIACA,8351,-37.9,-70.1333
TILHUE,8353,-37.1917,-70.5367
MARIANO MORENO,8357,-37.4128,-70.4391
LOS MENUCOS,8363,-39.5333,-65.5389
SAN MARTIN DE LOS ANDES,8370,-40.1667,-71.35
TRES PICOS,8371,-39.9583,-71.1333
QUINQUINMITREO,8373,-39.9812,-71.0958
EL SALITRAL,8375,-39.7167,-70.5917
PUERTO ANCHORENA,8400,-41.1333,-71.2917
ESTANCIA HUEMUL,8401,-41.089,-71.2536
VILLA TRAFUL,8403,-40.6667,-71.4
HOTEL CORRENTOSO,8407,-40.75,-71.6833
CINCO SALTOS,8303,-38.8167,-68.0667
BARDA CHICA,8324,-38.9417,-67.95
CERVANTES,8326,-39.05,-67.3833
BARRIO NORTE,8328,-38.9917,-67.7833
TRICACO,8332,-39.0458,-67.5458
BARDA COLORADA,8333,-39.6708,-68.3417
INGENIERO HUERGO,8334,-39.0833,-67.2333
PUNTA DE AGUA,8356,-37.4128,-70.4391
BAJO RICO,8360,-39.29,-65.46
ISLA GRANDE,8361,-39.3167,-65.7667
CORONEL BELISLE,8364,-39.1833,-65.9833
CHELFORO,8366,-39.0667,-66.5333
PUERTO PAÑUELO,8409,-41.0503,-71.5315
PUERTO BLEST,8411,-41.0333,-71.8167
COSTAS DEL PICHI LEUFU,8412,-41.3,-70.6667
ARROYO LAS MINAS,8415,-41.7567,-70.8033
ANECON GRANDE,8416,-41.1278,-70.5667
MICHIHUAO,8417,-40.5,-69.5458
ANECON CHICO,8418,-41.425,-69.475
PUERTO HERMOSO,8422,-41.4417,-68.525
AGUADA DE GUERRA,8424,-41.0667,-68.4167
MALLIN AHOGADO,8430,-41.9875,-71.5417
RUTA 3 KILOMETRO 974,8500,-40.8944,-63.1667
SEGUNDA ANGOSTURA,8501,-40.8533,-63.1833
"SAN JUAN (GRAL. CONESA, DPTO. CONESA)",8503,-40.1333,-64.375
CERRO FRANCISCO,8505,-40.3722,-63.8444
GENERAL LORENZO VINTTER,8514,-40.7333,-64.4833
BARRIO LAGUNA,8520,-40.7417,-65.1375
ARROYO VERDE,8521,-41.9167,-66.1667
COLONIA CHILAVERT,8532,-41.6,-65.3667
LA ESPERANZA,8534,-40.4333,-68.5333
SAN JOSE DE PAJA ALTA,8536,-40.6,-66.3611
LA AMISTAD,9138,-43.3028,-65.9618
MONTE FLORES,2101,-33.1,-60.6833
COLONIA ESCRIBANO,2103,-33.3792,-60.5625
URANGA,2105,-33.2667,-60.7
ESTANCIA SAN ANTONIO,2107,-33.1333,-60.8
CAMPO RUEDA,2109,-33.2611,-60.8278
FRANCISCO PAZ (APEADERO FCGM),2111,-33.3278,-60.8694
RODOLFO ALCORTA,2115,-33.3278,-60.8694
COLONIA EL BAGUAL,2117,-33.3278,-60.8694
ERASTO,2119,-33.2125,-60.9083
TALLERES (PARADA FCGM),2121,-33.0167,-60.775
CAMPO AROCENA,2123,-33.075,-60.9958
CORONEL AGUIRRE,2124,-33.0222,-60.6222
LA LATA,2126,-33.1222,-60.55
POSTA DE SAN MARTIN,2128,-33.15,-60.5167
LICEO AERONAUTICO MILITAR,2132,-32.9167,-60.8167
ROLDAN,2134,-32.8978,-60.9092
SAN JERONIMO SUD,2136,-32.8833,-61.0333
COLONIA EL CARMEN,2138,-32.7667,-61.1667
VICENTE A. ECHEVARRIA,2142,-32.7367,-60.9833
COLONIA MEDICI,2144,-32.6333,-61.3667
CLASON,2146,-32.4667,-61.2833
SAN GENARO NORTE,2147,-32.3667,-61.3333
CAMPO CASTRO,2148,-32.2056,-61.4833
BARRIO EL PARAISO,2152,-32.8667,-60.7
JUAN ORTIZ,2154,-32.8167,-60.7167
VILLA MARGARITA,2156,-32.8,-60.7333
CASILDA,2170,-33.0442,-61.1681
SANFORD,2173,-33.15,-61.2833
BARLETT,2175,-33.2713,-61.2975
BIGAND,2177,-33.3833,-61.1833
BOMBAL,2179,-33.45,-61.3333
LOS MOLINOS,2181,-33.1167,-61.3333
LA VIUDA,2183,-33.1333,-61.5417
SAN JOSE DE LA ESQUINA,2185,-33.1128,-61.7092
COLONIA LAGO DI COMO,2187,-33.0833,-61.8
PINO DE SAN LORENZO,2200,-32.7374,-60.7392
RICARDONE,2201,-32.7667,-60.7833
EL TRANSITO (EMBARCADERO FCGM),2202,-32.6135,-60.7973
TIMBUES,2204,-32.6667,-60.8
CAMPO PALETTA,2206,-32.6135,-60.7973
PUERTO GABOTO,2208,-32.4333,-60.8167
SERODINO,2211,-32.6075,-60.9519
MONJE,2212,-32.35,-60.9333
ALDAO,2214,-32.7167,-60.8167
COLONIA TRES MARIAS,2216,-32.5568,-60.942
CLARKE,2218,-32.5,-61.0333
DIAZ,2222,-32.3667,-61.0833
CARCEL MODELO CORONDA,2240,-31.9667,-60.9167
LARRECHEA (DEPTO.SAN JERONIMO),2241,-32.1556,-61.0278
SAN FABIAN,2242,-32.1333,-60.9833
PUERTO ARAGON,2246,-32.25,-60.9167
CAMPO CARIGNANO,2248,-32.1833,-61.1208
COLONIA PIAGGIO,2252,-32.0283,-61.2222
GESSLER,2253,-31.8833,-61.1333
CAMPO RODRIGUEZ,2255,-31.9,-61.2833
GRANADERO BASILIO BUSTOS,2257,-31.9333,-61.4
CAMPO QUIÑONES,2258,-31.7667,-61.3167
COLONIA BELLA ITALIA,2300,-31.2667,-61.4833
CAPILLA SAN JOSE,2301,-31.2056,-61.775
ANGELICA VIEJA,2303,-31.55,-61.55
LEHMAN,2305,-31.1333,-61.45
CAMPO DARDATTI,2307,-31.0083,-61.4083
NUEVA ROMA,2309,-31.2,-61.6318
COLONIA MAUA,2311,-30.7667,-61.2667
WAVELBERG,2313,-30.7167,-61.4833
ESTACION SAGUIER,2315,-30.9359,-61.5231
RINCON DE TACURALES,2317,-30.9333,-61.8
AURELIA SUD,2318,-31.4167,-61.4167
SUNCHALES,2322,-30.9333,-61.5667
PUJATO,2323,-30.8208,-61.6208
TACURAL,2324,-30.85,-61.6
ZADOCKHAN,2326,-30.7833,-61.6417
CAMPO EL MATACO,2342,-30.3333,-61.7056
ARRUFO,2344,-30.25,-61.75
CAMPO BOTTO,2345,-30.1833,-61.8917
COLONIA ROSA,2347,-30.3,-61.9833
RIPAMONTI,2349,-30.5,-61.95
HERSILIA,2352,-30.0,-61.85
VILLANI,2400,-31.4286,-61.9143
SAN JOSE FRONTERA,2401,-31.475,-62.0917
JOSE MANUEL ESTRADA,2403,-31.2667,-61.95
COLONIA CELLO,2405,-31.4333,-61.85
ESTACION CLUCELLAS,2407,-31.4333,-61.6833
ZENON PEREIRA,2409,-31.5667,-61.9
KILOMETRO 501,2438,-31.3567,-63.0167
BARRIO ORTIZ,2440,-31.75,-61.8333
CRISPI,2441,-31.7333,-62.05
COLONIA MARGARITA,2443,-31.7,-61.65
MARIA JUANA,2445,-31.6833,-61.7333
LOS SEMBRADOS,2447,-31.6667,-61.5667
AVENA,2449,-31.85,-61.5833
COLONIA LA YERBA,2451,-31.8583,-61.9833
CARLOS PELLEGRINI,2453,-32.05,-61.8
KILOMETRO 443 (EMBARCADERO FCGB),2454,-32.05,-61.6
KILOMETRO 465,2456,-31.9167,-61.7167
CAÑADA DE GOMEZ,2500,-32.8169,-61.4008
BERRETTA,2501,-32.9333,-61.2833
VILLA ELOISA,2503,-32.95,-61.55
CAMPO LA RIVIERE,2505,-32.6833,-61.5333
"KILOMETRO 49 (APEADERO FCGM, CORREA, DEPTO.IRIONDO)",2506,-32.85,-61.25
ARMSTRONG,2508,-32.7817,-61.6078
"SAN GUILLERMO (TORTUGAS, DEPTO.BELGRANO)",2512,-32.7333,-61.8167
LA CALIFORNIA,2520,-32.55,-61.55
LA BLANQUEADA,2521,-32.5083,-61.775
BOUQUET,2523,-32.4167,-61.9
MARIA SUSANA,2527,-32.26,-61.9222
PIAMONTE,2529,-32.1333,-61.9833
COLONIA LANDETA,2531,-32.0167,-62.0667
TAIS,2535,-32.1892,-61.7261
SAN MARCOS DE VENADO TUERTO,2600,-33.7497,-61.9669
LA CHISPA,2601,-33.55,-61.9833
CHAPUY,2603,-33.8,-61.75
OTTO BEMBERG,2605,-33.7642,-61.8858
VILLA CAÑAS,2607,-34.0,-61.6
MARIA TERESA,2609,-34.0167,-61.9
ESTACION CHRISTOPHERSEN,2611,-33.9,-61.8333
LA MOROCHA,2613,-34.3167,-62.0333
LA GAMA,2615,-33.8833,-62.1167
SANCTI SPIRITU,2617,-34.0167,-62.2333
CARMEN,2618,-33.7333,-61.7667
MAGGIOLO,2622,-33.7333,-62.2667
REGENSBURGER,2625,-33.4833,-62.35
VILLA REGULES,2630,-33.4167,-61.5
DURHAM (APEADERO FCGM),2631,-33.5333,-61.4667
COVET,2633,-33.4119,-61.6429
CAÑADA DEL UCLE,2635,-33.4,-61.6167
LOS QUIRQUINCHOS,2637,-33.3667,-61.7167
SANTA NATALIA,2639,-33.3583,-61.8583
EL CANTOR,2643,-33.5167,-62.15
WHEELWRIGHT,2722,-33.7833,-61.2167
MERCEDITAS,2725,-33.95,-61.3333
LABORDEBOY,2726,-33.7167,-61.3333
BALNEARIO MELINCUE,2728,-33.65,-61.45
CARRERAS,2729,-33.6,-61.3167
CUATRO DE FEBRERO,2732,-33.8,-61.5833
PAVON,2918,-33.25,-60.4
VILLA CONSTITUCION,2919,-33.2333,-60.3333
MORANTE,2921,-33.4167,-60.4
VILLA DON BOSCO,3000,-31.6,-60.7083
CALCHINES,3001,-31.4167,-60.3333
HELVECIA,3003,-31.1,-60.0833
LOS CARDENALES (APEADERO FCGB),3005,-30.5833,-59.95
EMPALME SAN CARLOS,3007,-31.3081,-60.4388
EL TROPEZON,3009,-31.6125,-61.0333
MARIANO SAAVEDRA,3011,-31.6667,-61.35
ESTACION MATILDE,3013,-31.8,-60.9833
ANGEL GALLARDO,3014,-31.4417,-60.6667
SANTO TOME,3016,-31.6667,-60.7667
SAUCE VIEJO,3017,-31.7667,-60.85
RECREO,3018,-31.5,-60.7333
BARRIO VILLA TALLERES,3020,-31.3167,-60.65
LA CLORINDA,3021,-31.2333,-60.5333
SARMIENTO,3023,-31.0667,-61.1667
LA CLARA,3025,-30.5333,-61.0333
LA PELADA,3027,-30.8667,-60.9833
DEVIO ARAUZ,3029,-30.6833,-61.05
NELSON,3032,-31.2667,-60.75
EMILIA,3036,-31.0667,-60.7333
LAS SEMENTERAS,3038,-31.1444,-60.7444
VERA MUJICA,3040,-30.7833,-60.5833
MASCIAS,3041,-30.8,-60.0167
LA ROSA,3042,-30.5667,-60.4722
GOBERNADOR CRESPO,3044,-30.3833,-60.4167
COLONIA LA MORA,3045,-30.4,-60.2611
LAS CAÑAS,3046,-31.0167,-60.3
PUEBLO SAN BERNARDO,3048,-30.64,-60.4011
LA HOSCA,3050,-29.9,-60.3
LOS OSOS,3051,-29.9,-59.8333
CAÑADITA,3052,-30.2333,-60.3667
ESPIN,3056,-29.5333,-60.2333
ESTANCIA PAVENHAN,3057,-29.4,-60.4
ESTACION LA CIGUEÑA,3060,-29.0083,-61.725
COLONIA INDEPENDENCIA,3066,-29.5611,-61.6722
LOS MOLLES,3070,-30.3167,-61.2333
PORTUGALETE,3071,-30.2667,-61.3667
LUCILA,3072,-30.4167,-61.0167
LA CABRAL,3074,-30.0833,-61.1667
LAGUNA VERDE,3076,-30.0167,-61.2333
PASO VINAL,3080,-32.2333,-60.9917
RIVADAVIA,3081,-32.9167,-60.6667
GRUTLY NORTE,3083,-31.2167,-61.1
PILAR,3085,-31.45,-61.25
FELICIA,3087,-31.25,-61.2167
VELAZQUEZ,3550,-29.4667,-60.2167
GOLONDRINA,3551,-28.55,-60.05
SANTA LUCIA,3553,-29.2833,-60.4167
LAS PALMAS,3555,-29.5,-59.7667
CARAGUATAY,3557,-29.4,-60.1333
RECONQUISTA,3560,-29.2333,-59.6
EL CARMEN DE AVELLANEDA,3561,-29.0833,-59.6778
NICANOR E. MOLINAS,3563,-29.15,-59.85
KILOMETRO 30 (FCGB),3565,-28.6667,-59.8667
LA LOLA,3567,-29.2333,-59.6
LA DIAMELA,3569,-29.2667,-59.8667
LA CATALINA,3572,-29.325,-59.9833
GUADALUPE NORTE,3574,-28.9333,-59.5667
LOS LAPACHOS,3575,-28.8333,-59.6389
PUERTO OCAMPO,3580,-28.5167,-59.1333
ESTACION VILLA ANA,3581,-28.4,-59.6167
ISLA TIGRE,3583,-28.4833,-59.6167
LA CLARITA,3585,-28.6333,-59.4667
LAS TOSCAS,3586,-28.35,-59.2833
TACUARENDI,3587,-28.4167,-59.3
KILOMETRO 54,3589,-28.2333,-59.4667
PUERTO PIRACUACITO,3592,-28.2,-59.1
LAS ENCADENADAS,3607,-25.9655,-58.5429
TEODELINA,6009,-34.1833,-61.5333
LA PICASA (APEADERO FCGSM),6036,-34.3667,-62.15
CHRISTOPHERSEN,6039,-34.1667,-62.05
VILLA ROSELLO,6100,-34.2667,-62.7
LA ADELAIDA,6103,-34.1556,-62.4556
SAN CARLOS,6106,-34.3,-62.475
VILLA NUEVE DE JULIO,4000,-26.8083,-65.2333
CAÑADA HONDA,4101,-26.6955,-65.1212
LOS ESTANQUES,4103,-26.8583,-65.2375
CURVA DE LOS VEGA,4105,-26.7444,-65.3417
PUERTO COCHUCHO,4106,-26.7586,-65.2154
HIGUERITAS,4107,-26.8083,-65.3167
SAN JAVIER,4108,-26.7833,-65.3833
PUENTE RIO SALI,4109,-26.8444,-65.1556
ROMA,4111,-26.9792,-65.1792
LUNAREJOS,4113,-27.3667,-65.15
LAGUNA BLANCA,4115,-27.1167,-65.1
MARIÑO,4117,-26.7333,-65.0333
EL BARCO,4119,-26.65,-64.9
CHUSCHA,4122,-26.3667,-65.3667
EL MISTOL,4124,-26.2875,-65.4
TAFI DEL VALLE,4127,-26.8667,-65.6833
MERCEDES (DPTO. FAMAILLA),4128,-26.9278,-65.3667
LAS TABLAS,4129,-26.9,-65.45
INVERNADA,4132,-27.6333,-65.5833
"LA BANDA (PADILLA, DPTO. FAMAILLA)",4133,-27.0333,-65.3667
SAN GABRIEL,4134,-27.1167,-65.45
LOS RODRIGUEZ,4135,-27.0833,-65.5083
LOS ZAZOS,4137,-26.6833,-65.7267
ARAGONES,4142,-27.1625,-65.5292
LOS NOYES,4143,-27.2167,-65.5333
VILLA QUINTEROS,4144,-27.2333,-65.55
RIO SECO (DPTO. MONTEROS),4145,-27.25,-65.5833
EL POTRERO,4146,-27.3417,-65.5917
COLONIA FARA,4147,-27.3,-65.5667
"LAS ANIMAS (ALPACHIRI, DPTO. CHICLIGASTA)",4149,-27.3417,-65.5722
COLONIA HUMAITA PRIMERA,4151,-27.3917,-65.5208
ALTO LAS FLORES,4152,-27.4333,-65.6167
LAS CORTADERAS,4153,-27.4167,-65.5917
"EL RODEO (VILLA CLODOMIRO HILERET, DPTO. RIO CHICO)",4155,-27.4583,-65.6667
MANUELA PEDRAZA,4156,-27.2333,-65.35
LOS RIZOS,4157,-27.525,-65.6042
YAQUILLO,4158,-27.57,-65.64
LA CAÑADA (DPTO. GRANEROS),4159,-27.6556,-65.3944
PALO BLANCO,4161,-27.6,-65.6083
SAUCE SECO,4162,-27.6667,-65.5917
PUESTO NUEVO,4163,-27.5241,-65.5074
"EL SUNCHO (RUMI PUNCO, DPTO. GRANEROS)",4164,-27.9,-65.5583
BALDERRAMA,4166,-27.2,-65.4
COLONIA EL SUNCHAL,4168,-27.0333,-65.3
GUEMES,4171,-27.3167,-65.3333
"EL POLEAR (SIMOCA, DPTO. MONTEROS)",4172,-27.1611,-65.3222
LOS AGUEROS,4174,-27.4155,-65.2393
CEJAS DE BENACHILLOS,4179,-27.2611,-65.1671
LOLITA,4182,-26.8583,-64.9833
PUERTA SAN JAVIER,4207,-26.7667,-65.35
"LA TOMA (BENJAMIN ARAOZ, DPTO. BURRUYACU)",4229,-27.4478,-64.7944
RAMOS,4242,-27.55,-65.2
LA TIPA,4257,-27.3833,-65.7333
"SAN JOSE (HUASA PAMPA NORTE, DPTO. GRANEROS)",4263,-28.052,-64.7771
SOL DE MAYO,4276,-27.5833,-65.1333
"SAN JOSE (LAS CEJAS, DPTO. CRUZ ALTA)",4286,-28.052,-64.7771
TALITAS,4424,-25.4786,-65.5648
LOS AGUDOS,5157,-31.3603,-64.6885
CUSHAMEN,8211,-37.6667,-64.2375
EL RINCON,8217,-37.6667,-64.2375
HOYO DE EPUYEN,8431,-42.0667,-71.5
BARRIO JOSE FUCHS,9000,-45.6083,-67.75
TALLERES,9001,-45.8167,-67.45
COMPAÑIA FERROCARRILERA DE PETROLEO,9003,-45.7333,-67.0667
EL TREBOL,9005,-45.8167,-67.9333
LAS VIOLETAS,9007,-44.8042,-66.7125
BOMBAS DIADEMA,9009,-45.8611,-68.1
PASO DE TORRES,9020,-45.5167,-69.3583
COLHUE HUAPI,9021,-45.3722,-69.3944
CERRO VALCHETAN,9023,-45.0833,-69.4667
PASO RIO MAYO,9030,-45.6833,-70.2667
COLONIA ENSANCHE SARMIENTO,9031,-45.1667,-69.9917
ALTO RIO SENGUERR,9033,-45.0333,-70.8333
CENTRO RIO MAYO,9035,-45.5833,-71.1
DOCTOR RICARDO ROJAS,9036,-45.5667,-71.0667
ALDEA BELEIRO,9037,-45.55,-71.3
HITO 45,9039,-45.9333,-71.3833
BARRIO MACO,9100,-43.4185,-66.0111
VALLE DE LAS PLUMAS,9101,-43.5833,-67.1222
CASA BLANCA (RAWSON - DPTO. RAWSON),9103,-43.3167,-65.0611
BRYN BROWN,9105,-43.2833,-65.4833
BOCA DE LA ZANJA,9107,-43.35,-65.9333
RUTA 3 KILOMETRO 1646,9111,-44.8542,-66.0
FLORENTINO AMEGHINO,9113,-43.6667,-66.4167
JUAREZ CELMAN,9120,-42.7667,-65.05
TATUEN,9121,-42.6643,-66.1881
CONANGUIÑEO,9123,-42.0,-65.1
SUNICA,9200,-43.4486,-70.5722
EPULEFF,9201,-43.3963,-70.7944
LEGUA VEINTICUATRO,9203,-43.0667,-71.4667
ARROYO GUILLAIA,9207,-43.875,-69.125
EL PUEBLO,9210,-42.35,-71.1625
EL COLHUE,9211,-42.0667,-71.5
CAÑADON GRANDE,9213,-42.475,-71.05
LEZAMA,9217,-42.3833,-71.05
CASA BLANCA (JOSE DE SAN MARTIN - DPTO. TEHUELCHES),9220,-43.925,-70.2
VALLE HONDO,9221,-44.0738,-70.5905
PUTRACHOIQUE,9223,-43.8167,-70.9167
FRONTERA DE RIO PICO,9225,-44.2167,-71.35
STAUDT,9227,-44.5333,-70.4
LAGO PUELO,9431,-51.394,-70.6055
ISLAS MALVINAS,9409,-51.043,-71.0314
ISLA DE LOS ESTADOS,9410,-51.394,-70.6055
PRIMAVERA,9411,-51.394,-70.6055
LAGO KHAMI,9420,-53.5,-68.05
FRIGORIFICO CAP RIO GRANDE,9421,-53.5,-68.05
"BUENA VISTA (ESQUINA, DPTO. ESQUINA)",3196,-29.5917,-58.7917
TORO CHIPAY,3197,-30.2278,-59.3722
MALVINAS,3199,-29.6167,-58.9833
JUAN PUJOL,3222,-30.4167,-57.8667
KILOMETRO 104 (APEADERO FCGU),3226,-30.6333,-57.9667
LA COLORADA,3230,-29.6833,-57.1083
COLONIA AROCENA INA,3231,-29.4667,-56.8167
GUAVIRAVI,3232,-29.3667,-56.8333
SAN ISIDRO (SAN ANTONIO - DPTO. PASO DE LOS LIBRES),3234,-29.8167,-57.4333
ABALO,3266,-32.3531,-58.4039
PUNTA MERCEDES,3302,-27.5,-56.5542
PUERTO LAS LAJAS,3340,-28.475,-56.1375
CAU GARAY,3342,-28.1667,-56.02
TRES CAPONES,3344,-28.9042,-56.4708
BACACAY,3346,-28.7,-56.8167
BARRIO POPULAR,3400,-27.475,-58.8417
INGENIO PRIMER CORRENTINO,3401,-27.4167,-58.6333
TOLATU,3405,-28.0233,-58.0733
EL LOTO,3406,-27.7253,-58.1963
GENERAL PAZ,3407,-27.75,-57.6167
ARROYO SAN JUAN,3409,-27.3167,-58.5833
SAN COSME,3412,-27.3667,-58.5167
SAN JOSE (ITATI - DPTO. ITATI),3414,-27.2667,-58.25
RIACHUELO,3416,-27.5833,-58.75
EMPEDRADO,3418,-27.95,-58.8
"CASUARINAS (SALADAS, DPTO. SALADAS)",3420,-28.2875,-58.6375
TATACUA (DPTO. CONCEPCION),3421,-28.5111,-58.3944
PASO IRIBU CUA,3423,-28.2852,-58.4741
PAGO ALEGRE,3425,-28.2852,-58.4741
KILOMETRO 168,3427,-27.9417,-58.2667
KILOMETRO 431 (APEADERO FCGU),3428,-28.2852,-58.4741
PROGRESO,3432,-28.5,-59.05
COLONIA TRES DE ABRIL,3433,-28.4,-58.9167
"CRUCECITAS (SANTA LUCIA, DPTO. LAVALLE)",3440,-29.0,-59.0833
CRUZ DE LOS MILAGROS,3441,-28.8333,-59.0167
RINCON DE SOTO,3443,-29.0167,-59.1833
SAN ROQUE (DPTO. SAN ROQUE),3448,-28.7962,-58.8282
JUAN DIAZ,3449,-28.7962,-58.8282
ARROYO CARANCHO,3450,-29.2444,-59.0944
PUERTO GOYA,3451,-29.15,-59.3333
PUNTA IFRAN,3453,-29.0833,-59.025
LA DIANA,3454,-29.3389,-59.1056
VACA CUA,3460,-29.6333,-57.95
LAS LOMAS,3461,-28.4833,-58.9833
CAÑADITAS,3463,-30.2,-59.0833
CAPITAN JOAQUIN MADARIAGA,3465,-29.85,-58.25
ARROYO HORQUETA,3466,-29.7583,-58.0667
ITATI RINCON,3470,-29.0667,-58.1167
UGUAY,3471,-28.65,-57.4833
SAN CARLOS (FELIPE YOFRE - DPTO. MERCEDES),3472,-29.025,-58.35
SAN GUILLERMO,3474,-28.95,-58.5833
JUSTINO SOLARI,3476,-29.3667,-58.2
SANTA ISABEL (ITA IBATE-DPTO.GRAL.PAZ),3480,-27.475,-57.3583
VALENCIA,3481,-27.6125,-57.1208
LOMAS SAN JUAN,3483,-27.7667,-57.2833
"COLONIA SAN ANTONIO (SAN MIGUEL, DPTO. SAN MIGUEL)",3485,-28.0667,-57.6333
VILLA OLIVARI,3486,-27.6542,-57.2646
PUESTO ISLA,3487,-27.6542,-57.2646
ARROYO SECO (DPTO. CURUZU CUATIA),3641,-24.8784,-59.7288
CRUZ ALTA,2189,-33.0075,-61.8131
"COLONIA SANTA RITA (LUXARDO, DEPTO. SAN JUSTO)",2411,-31.3083,-62.1833
COLONIA CEFERINA,2412,-31.0472,-62.1708
FREYRE,2413,-31.1667,-62.1
CAPILLA SANTA ROSA,2415,-31.0167,-62.0667
ALTOS DE CHIPION,2417,-30.95,-62.35
COLONIA VIGNAUD,2419,-30.9,-62.0333
MORTEROS,2421,-30.7,-62.0
"COLONIA SANTA MARIA (COLONIA PROSPERIDAD, DEPTO. SAN JUSTO)",2423,-31.5917,-62.3
MALBERTINA,2424,-31.35,-62.3778
CAMPO BOERO,2426,-31.4,-62.6833
ESTANCIA LA CHIQUITA,2428,-31.4167,-62.9833
CAPILLA SAN ANTONIO,2432,-31.3833,-62.8
POZO DEL CHAJA,2433,-31.2917,-62.825
COLONIA LA CORTADERA,2434,-31.4833,-63.1333
LA COYUNDA,2435,-31.2278,-63.0278
QUEBRACHITOS,2436,-31.475,-63.1833
AGUA HEDIONDA,2516,-32.7333,-61.8167
SAIRA,2525,-32.4,-62.1
SAN VICENTE (BELL VILLE-DPTO.UNION),2550,-32.6167,-62.7
LOS PATOS,2551,-32.7167,-62.6167
JUSTINIANO POSSE,2553,-32.8833,-62.6667
ORDOÑEZ,2555,-32.8333,-62.8667
IDIAZABAL,2557,-32.8,-63.0333
LOS TASIS,2558,-32.5981,-62.737
LAS PALMERAS (SAN ANTONIO DE LITIN-DPTO.UNION),2559,-32.2333,-62.6389
SAN EUSEBIO,2561,-32.25,-62.4833
SAN JOSE (NOETINGER-DPTO.UNION),2563,-32.3333,-62.3
MONTE LEÑA,2564,-32.6167,-62.6
SAN MARCOS SUD,2566,-32.6333,-62.4667
LAS LAGUNITAS,2568,-32.6,-62.8333
BALLESTEROS SUD,2572,-32.5833,-63.0333
COLONIA LA MARIUCHA,2580,-32.7,-62.1
PUEBLO RIO TERCERO,2581,-32.9667,-62.0167
GENERAL BALDISSERA,2583,-33.1167,-62.3167
ENFERMERA KELLY (APEADERO FCGM),2587,-32.9333,-62.2917
MONTE BUEY,2589,-32.9167,-62.45
GENERAL ROCA,2592,-32.7333,-61.9167
BARRIO LA FORTUNA,2594,-32.6333,-62.3
KILOMETRO 57,2619,-33.97,-61.9967
ARIAS,2624,-33.6333,-62.4167
GUATIMOZIN,2627,-33.45,-62.45
"PIEDRAS ANCHAS (CAP.GRAL.B.O'HIGGINS, DPTO.MARCOS JUAREZ)",2645,-33.2708,-62.2375
CANALS,2650,-33.55,-62.8833
SANTA MARIA (ALDEA SANTA MARIA-DPTO.UNION),2651,-33.7444,-62.8056
WENCESLAO ESCALANTE,2655,-33.1667,-62.75
LABORDE,2657,-33.15,-62.85
COLONIA BARGE,2659,-33.2,-62.6
SANTA FLORENTINA,2661,-33.6,-62.675
BAJO DEL BURRO,2662,-33.6167,-62.6167
BENJAMIN GOULD,2664,-33.5833,-62.7333
COLONIA CHACABUCO,2670,-33.4333,-63.3
VIAMONTE,2671,-33.7333,-63.1
SANTA VICTORIA,2675,-33.05,-63.2667
UCACHA,2677,-33.0333,-63.5167
PASCANAS,2679,-33.1333,-63.05
ETRURIA,2681,-32.9333,-63.25
COLONIA MAIPU,2684,-33.45,-63.325
ALEJANDRO,2686,-33.35,-63.7167
QUEBRACHO LADEADO,2875,-33.2943,-59.025
COLONIA GARZON,2987,-33.572,-60.0766
CORDOBA,5000,-31.4,-64.1833
BARRIO EMPALME FCGBM,5006,-31.4056,-64.1889
BARRIO MARQUES DE SOBREMONTE,5008,-31.4056,-64.1889
VILLA LOS ANGELES,5009,-31.3667,-64.2167
BARRIO PARQUE MONTE CRISTO,5012,-31.4056,-64.1889
NUEVA ANDALUCIA,5101,-31.2167,-63.7333
BARRIO ESTACION FLORES,5103,-31.6667,-64.0476
VILLA ALLENDE,5105,-31.3,-64.3
KILOMETRO 25,5107,-31.1444,-64.3056
EL QUEBRACHITO,5109,-31.225,-64.3417
ÑU PORA,5111,-31.1833,-64.3167
SALSIPUEDES,5113,-31.15,-64.3167
VALLE VERDE,5115,-31.0167,-64.2667
LA HIGUERA (SAN JORGE-DPTO.TOTORAL),5117,-30.98,-64.33
SAN ANTONIO NORTE,5119,-31.5667,-64.2056
LABOULAYE,5120,-34.1167,-63.4
"ALTO ALEGRE (DESPEÑADEROS, DEPTO.SANTA MARIA)",5121,-31.5954,-63.688
VILLA MIREA,5123,-31.5667,-64.0167
ORATORIO DE PERALTA,5125,-31.31,-63.74
PEDRO E.VIVAS,5127,-31.3667,-63.5333
LA BUENA PARADA,5129,-31.1667,-63.5833
RANGEL,5131,-31.1167,-63.7667
VILLA SANTA ROSA,5133,-31.15,-63.3833
COLONIA LAS CUATRO ESQUINAS,5135,-31.2167,-63.2167
LA PARA,5137,-30.8667,-62.9833
PLUJUNTA,5141,-30.975,-62.5833
LA CAUTIVA,5142,-31.2139,-63.8361
MIRAMAR,5143,-30.9,-62.6667
KILOMETRO 730 (APEADERO FCGB),5145,-31.2389,-64.1611
SUQUIA (APEADERO FCGB),5147,-31.35,-64.2444
CAMPO BOURDICHON,5149,-31.3167,-64.3278
PUENTE NEGRO,5151,-31.35,-64.4
VILLA CARLOS PAZ,5152,-31.4,-64.5167
VILLA COSTA AZUL,5153,-31.4222,-64.5278
"EL DURAZNO (TANTI, DEPTO. PUNILLA)",5155,-31.3278,-64.9111
VILLA SUIZO ARGENTINA,5156,-31.3603,-64.6885
BIALET MASSE,5158,-31.3,-64.4667
RINCON (CASA GRANDE-DPTO.PUNILLA),5162,-31.1667,-64.4833
VILLA CAEIRO,5164,-31.2667,-64.475
HOGAR FAMILIA DOMINGO FUNES,5165,-31.2048,-64.5
MATA CABALLO,5166,-31.2056,-64.5278
LOS HELECHOS,5168,-31.1167,-64.4833
LA FALDA (DPTO.PUNILLA),5172,-31.275,-63.8083
PIEDRA MOVEDIZA,5174,-31.05,-64.6611
CASA SERRANA (HUERTA GRANDE),5175,-31.0561,-64.4379
GREGORIO ARAOZ ALFARO (APEADERO FCGB),5176,-31.0417,-64.5
QUEBRADA SAN GERONIMO,5178,-30.9583,-64.5542
LOS COCOS (DPTO.PUNILLA),5182,-30.9167,-64.55
EL ZAPATO,5184,-30.85,-64.5667
LA FALDA (LA PLAYA-DPTO.MINAS),5185,-31.3017,-64.49
VILLA CARLOS PELLEGRINI,5186,-31.6667,-64.4333
SAN CLEMENTE,5187,-31.7167,-64.6333
VILLA SATITE,5189,-31.7944,-64.4
SAN AGUSTIN,5191,-31.9833,-64.3833
EMBALSE RIO LOS MOLINOS,5192,-32.0367,-64.6267
ESTANCIA SAN JUAN,5194,-31.9167,-64.5833
VILLA CALAMUCHITA,5195,-32.0367,-64.6267
EL PORTEZUELO,5196,-31.8333,-65.2
EL PARADOR DE LA MONTAÑA,5197,-32.175,-64.7667
SAN IGNACIO (DPTO.CALAMUCHITA),5199,-32.1833,-64.5833
KILOMETRO 832 (APEADERO FCGB),5200,-30.3667,-64.3708
EL RODEITO,5201,-30.5813,-64.2
TULUMBA,5203,-30.4,-64.1167
"EL ROSARIO (SAN PEDRO NORTE, DPTO.TULUMBA)",5205,-30.1333,-64.1333
"CAÑADA HONDA (CRUZ DEL EJE, DEPTO. CRUZ DEL EJE)",5208,-30.3402,-64.1561
AGUADA DEL MONTE,5209,-29.98,-63.9733
MACHA,5211,-30.5667,-64.1333
KILOMETRO 784 (EMBARCADERO FCGB),5212,-30.65,-64.175
VILLA QUILINO,5214,-30.2,-64.4833
LA CAÑADA ANGOSTA,5218,-30.4767,-64.6167
ABBURRA,5220,-30.9583,-64.0917
SAN LORENZO (SANTA CATALINA-DPTO.TOTORAL),5221,-30.8321,-64.0551
TAJAMARES,5223,-31.0333,-64.0833
LAS BANDURRIAS NORTE,5225,-30.8,-63.5
LAS PALMITAS (MAQUINISTA GALLINI-DPTO.RIO PRIMERO),5227,-30.8457,-63.9283
ESTANCIA LAS MERCEDES,5229,-30.725,-63.6417
LA CAÑADA-RIO SECO,5231,-30.2796,-63.6
LOS TAJAMARES,5233,-30.425,-63.5625
CANDELARIA NORTE,5235,-29.9333,-63.5833
VILLA GRAL.MITRE,5236,-30.8167,-63.7167
LAS PEÑAS (DPTO.TOTORAL),5238,-30.3311,-63.5967
EL PESCADERO,5242,-30.4667,-63.9611
LA PLAZA,5244,-30.6944,-64.1278
LAS TRANCAS,5246,-30.3083,-63.7417
BAÑADO DEL FUERTE,5248,-30.5,-64.2667
SERREZUELA,5270,-30.6333,-65.3833
PIEDRITA BLANCA,5271,-30.7833,-65.4167
OLIVARES SAN NICOLAS,5280,-30.7333,-64.8
ALTO DE LOS QUEBRACHOS,5281,-30.6889,-64.9389
LOS SAUCES (DPTO.CRUZ DEL EJE),5282,-30.75,-64.5583
LAS LOMAS,5284,-30.8,-65.1528
EL CAJON,5285,-30.9972,-65.1417
CAÑADA DEL CORO,5287,-31.1167,-64.6667
"EL TALA (TOSNO, DPTO.MINAS)",5289,-30.9889,-65.2944
TOTORITAS,5291,-31.1667,-65.1917
LAS CORTADERAS (LA ARGENTINA-DPTO.MINAS),5293,-31.2167,-65.3
BUENA VISTA (SALSACATE-DEPTO.POCHO),5295,-31.3458,-65.175
PUERTA DE LA QUEBRADA,5297,-31.3083,-64.9667
"EL CARRIZAL (POCHO, DEPTO. POCHO)",5299,-31.4056,-65.1722
MOLINOS FENIX (DESVIO PARTICULAR DCGM),5800,-32.8417,-64.3
COLONIA EL CARMEN,5801,-33.0333,-64.4333
REDUCCION,5803,-33.2,-63.8667
CHUCUL,5805,-33.0167,-64.1833
OLAETA,5807,-33.05,-63.9167
COLONIA DOLORES,5809,-32.8,-63.8667
CORONEL BAIGORRIA,5811,-32.85,-64.3667
CAPILLA DE TEGUA,5813,-32.6917,-64.3083
LOS MEDANOS,5815,-32.8667,-63.5667
CAÑADA DEL SAUCE,5817,-32.4333,-64.2944
PASO SANDIALITO,5819,-32.3833,-64.55
EL CANO,5821,-32.6333,-64.6
MODESTO ACUÑA,5823,-32.3333,-64.2667
ARROYO SANTA CATALINA,5825,-33.2,-64.45
LAS VERTIENTES,5827,-33.2833,-64.5833
LAGUNA SECA,5829,-33.3333,-64.7667
LA BARRANQUITA,5833,-33.369,-64.6905
SUCO,5837,-33.4333,-64.8333
PUNTA DEL AGUA (ESTACION PUNTA DEL AGUA-DPTO.RIO CUARTO),5839,-33.4417,-64.4833
SAN BASILIO,5841,-33.4833,-64.3167
ADELIA MARIA,5843,-33.6167,-64.0333
BULNES,5845,-33.5167,-64.6833
COLONIA LA CELESTINA,5847,-33.675,-64.5667
SAN AMBROSIO,5848,-33.25,-64.1667
LOS POTREROS,5850,-32.1333,-64.0333
COLONIA SANTA CATALINA,5851,-32.0833,-63.9833
CORRALITO,5853,-32.05,-64.2
SALTO NORTE,5854,-32.1333,-64.2167
AGUADA DE REYES,5856,-32.1833,-64.4167
COLONIA VACACIONES DE EMPLEADOS,5857,-32.2474,-64.3321
"CAÑADA DEL TALA (LA CRUZ, DEPTO.CALAMUCHITA)",5859,-32.6278,-64.7167
VILLA DEL DIQUE,5862,-32.1667,-64.4833
EL TORREON,5864,-32.1833,-64.4833
COLONIA VIDELA,5865,-31.8833,-63.5333
NICHO,5870,-31.325,-64.1417
TRAVESIA,5875,-32.1333,-65.05
YACANTO,5877,-32.05,-65.05
CORRALITO-SAN JAVIER,5879,-31.8891,-65.1507
LAS TAPIAS-SAN JAVIER,5885,-31.875,-65.0
BAJO EL MOLINO,5887,-31.7667,-65.0
SAN SEBASTIAN,5889,-31.7167,-65.0
LA GUARDIA,5891,-31.6533,-65.1
SAN LORENZO-DPTO.SAN ALBERTO),5893,-31.6056,-65.1389
RAMON J.CARCANO,5900,-32.4833,-63.1
CAYUQUEO,5901,-32.7833,-63.1167
VILLA NUEVA,5903,-32.4333,-63.25
ANA ZUMARAN,5905,-32.4,-63.0667
COLONIA SILVIO PELLICO,5907,-32.3095,-63.1607
ARROYO ALGODON,5909,-32.2,-63.1667
LA PLAYOSA,5911,-32.1,-63.0333
POZO DEL MOLLE (DPTO.RIO SEGUNDO),5913,-32.0667,-62.8
CARRILOBO,5915,-31.8667,-63.1333
ARROYO CABRAL,5917,-32.4833,-63.3833
DALMACIO VELEZ SARSFIELD,5919,-32.6,-63.5833
LAS PERDICES,5921,-32.6833,-63.6833
GENERAL DEHEZA,5923,-32.7333,-63.7667
PASCO,5925,-32.75,-63.3333
TICINO,5927,-32.7,-63.45
HERNANDO,5929,-32.4167,-63.7333
PAMPAYASTA,5931,-32.25,-63.65
TANCACHA,5933,-32.25,-63.9833
VILLA ASCASUBI,5935,-32.1667,-63.8833
SAN ANTONIO DE YUCAT,5936,-32.2833,-63.3667
CORRAL DE GUARDIA,5940,-31.8667,-62.7167
COLONIA ANGELITA,5941,-31.8,-62.6333
SATURNINO M.LASPIUR,5943,-31.7,-62.4833
COLONIA GRAL. DEHESA,5945,-31.725,-63.0417
EL JUMIAL,5947,-31.7,-62.8833
LUIS 1º,5949,-31.9917,-62.475
LA ROSARINA (EL FORTIN-DPTO.UNION),5951,-32.0417,-62.3667
SAN RAFAEL (RIO SEGUNDO-DPTO.RIO SECO),5960,-31.6667,-63.9167
PALO NEGRO,5961,-31.5333,-63.675
CAPILLA DEL CARMEN,5963,-31.5333,-63.3833
CALCHIN OESTE,5965,-31.85,-63.4542
PLAZA MINETTI,5967,-31.6633,-63.6933
ESTACION CALCHIN,5969,-31.6633,-63.6933
PILAR,5972,-31.6833,-63.9
LAGUNA LARGA,5974,-31.7667,-63.8
HOSPITAL NACIONAL COLONIA DOCTOR EMILIO VIDAL ABAL,5980,-32.05,-63.5667
JAMES CRAIK,5984,-32.15,-63.4667
ONCATIVO,5986,-31.9167,-63.6667
IMPIRA,5987,-31.7833,-63.6667
INDEPENDENCIA,5988,-31.45,-64.5167
BAJO DEL CARMEN,5989,-31.8881,-63.7857
HARAS LA ESMERALDA,6101,-34.2875,-62.6417
MONTE RALO,6119,-34.1146,-63.5348
SALGUERO,6120,-34.2333,-63.4333
TACURAL,6123,-34.4167,-63.5667
SERRANO,6125,-34.45,-63.55
JOVITA,6127,-34.5,-63.9333
VIVERO,6128,-34.2333,-62.8333
LA PERLA,6132,-34.0167,-63.8917
SANTA CRISTINA,6134,-34.05,-63.75
COLONIA ARGENTINA,6140,-33.9,-64.4583
TOSQUITA,6141,-33.8167,-64.45
KILOMETRO 545 (FCGSM),6142,-33.9333,-64.25
WASHINGTON,6144,-33.8833,-64.7
COPINA,6153,-34.1146,-63.5348
HIPOLITO BOUCHARD,6225,-34.9944,-63.6704
ONAGOLTY,6227,-34.9944,-63.6704
WATT,6270,-34.9333,-64.3167
TOMAS ECHENIQUE,6271,-34.581,-64.2119
EL PAMPERO (EMBARCADERO FCGSM),6273,-34.2625,-64.8792
VILLA HUIDOBRO,6275,-34.8333,-64.5833
CAÑADON DE LOS MOGOTES,8184,-37.57,-63.025
LA COTITA,8522,-41.2278,-65.7463
ABDON CASTRO TOLAY,4461,-25.0325,-65.2713
BARRIO VILLA BELGRANO,4500,-24.0,-64.9389
ISLA CHICA,4501,-24.2033,-64.51
INGENIO LA ESPERANZA,4503,-24.2167,-64.85
LEACHS,4504,-23.9778,-64.7667
GUAYACAN,4506,-23.9333,-64.7833
PUEBLO LEDESMA,4512,-23.8333,-64.7667
GOBERNADOR TELLO,4513,-23.5389,-65.0278
FINCA LA REALIDAD,4516,-23.7333,-64.5833
YUTO,4518,-23.6333,-64.4667
SALADILLO,4522,-24.4,-64.9
TERMAS DE REYES,4600,-24.1667,-65.4833
HUAICO CHICO,4601,-24.3623,-65.136
PERICO DEL CARMEN,4603,-24.3623,-65.136
PERICO DE SAN ANTONIO,4605,-24.3167,-65.3083
PAMPA BLANCA,4606,-24.55,-65.0833
POZO DE LAS AVISPAS,4608,-24.4067,-65.14
PUERTA DE SALAS,4612,-24.2542,-65.1542
VOLCAN,4616,-23.9,-65.45
TRES MORROS,4618,-23.7333,-65.8
MAIMARA,4622,-23.6167,-65.4
EL DURAZNO,4624,-23.575,-65.3583
UQUIA,4626,-23.3,-65.35
APARZO,4630,-23.1,-65.1
SANTA ANA,4631,-23.3167,-65.0333
ITURBE,4632,-22.9833,-65.35
TRES CRUCES,4634,-22.9167,-65.5833
ABRA PAMPA,4640,-22.7167,-65.7
QUETA,4641,-23.1545,-66.2288
CARAYOC,4653,-22.1944,-65.95
PEÑA COLORADA,4655,-21.9,-66.0667
CALETA OLIVIA,9011,-46.4333,-67.5333
CAÑADON SECO,9013,-46.55,-67.5833
LA GUARDIA,9015,-46.8,-67.9667
PIRAMIDES,9017,-46.6778,-69.6278
LA GERMANA,9019,-46.9833,-67.35
NACIMIENTOS DEL PLUMA,9040,-46.3667,-71.3111
LOS ANTIGUOS,9041,-46.55,-71.6167
TELLIER (ESTACION FCGR),9050,-47.9042,-66.6667
ESTANCIA LAS VIOLETAS,9051,-47.1417,-66.225
FLORADORA,9053,-47.3111,-67.1222
CAÑADON DE LAS VACAS,9300,-50.55,-69.25
GUARDAPARQUE FITZ ROY,9301,-49.2444,-71.6556
PASO DE LOS INDIOS,9303,-49.9083,-70.2
CAÑADA DE LAS VACAS,9305,-49.7955,-70.3576
BAHIA LAURA,9310,-48.4,-66.4833
LA PENINSULA,9311,-48.37,-70.8533
PUNTA MERCEDES,9313,-48.2222,-70.1139
TAMEL AIKE,9315,-48.3167,-70.9667
ALQUINTA,9400,-51.0983,-70.08
FUENTES DEL COYLE,9401,-51.0333,-71.4833
EL MOSQUITO,9405,-50.4069,-71.8267
CORONEL MARTIN IRIGOYEN,9407,-51.7083,-72.0375
