Bruxelles,1000,50.8466,4.3528
Conseil Region Bruxelles-Capitale,1005,50.8466,4.3528
Raad Vlaamse Gemeenschapscommissie,1006,50.8466,4.3528
Ass. Commiss. Communau. française,1007,50.8466,4.3528
Chambre des Représentants,1008,50.8466,4.3528
Senat de Belgique,1009,50.8466,4.3528
Cité Administrative de l'Etat,1010,50.8476,4.3428
Vlaamse Raad - Vlaams Parlement,1011,50.8476,4.3428
Parlement de la Communauté française,1012,50.8476,4.3428
Bruxelles Laeken,1020,50.8466,4.3528
Bruxelles,1030,50.8466,4.3528
Organisations Sociales Chrétiennes,1031,50.8483,4.3681
Bruxelles Etterbeek,1040,50.8358,4.388
International Press Center,1041,50.8412,4.3704
VRT,1043,50.8412,4.3704
RTBF,1044,50.8412,4.3704
D.I.V.,1045,50.8412,4.3704
Parlement Européen,1047,50.8412,4.3704
U.E.-Conseil,1048,50.8412,4.3704
U.E.-Commission,1049,50.8412,4.3704
Bruxelles,1050,50.8466,4.3528
Bruxelles,1060,50.8466,4.3528
Bruxelles Anderlecht,1070,50.8333,4.3
Bruxelles,1080,50.8466,4.3528
Bruxelles Koekelberg,1081,50.8667,4.3333
Bruxelles Berchem-Sainte-Agathe,1082,50.8667,4.2833
Bruxelles Ganshoren,1083,50.8667,4.3
Bruxelles,1090,50.8466,4.3528
OTAN - NATO,1110,50.8765,4.422
Bruxelles Neder-over-Heembeek,1120,50.8466,4.3528
Bruxelles,1130,50.8466,4.3528
Bruxelles Evere,1140,50.8667,4.4
Bruxelles Woluwe-Saint-Pierre,1150,50.8333,4.4167
Bruxelles,1160,50.8466,4.3528
Bruxelles Watermael-Boitsfort,1170,50.8,4.4
Bruxelles Uccle,1180,50.8,4.3167
Bruxelles Forest,1190,50.8,4.3167
Bruxelles Woluwé-Saint-Lambert,1200,50.85,4.4
R.T.L. - T.V.I.,1201,50.8425,4.426
Bruxelles Saint-Josse-ten-Noode,1210,50.8466,4.3528
SPF Mobilité,1212,50.8573,4.3593
Antwerpen,2000,51.2167,4.4167
Antwerpen,2018,51.2167,4.4167
Antwerpen,2020,51.2167,4.4167
Antwerpen,2030,51.2167,4.4167
Antwerpen,2040,51.2167,4.4167
Antwerpen,2050,51.2167,4.4167
Antwerpen,2060,51.2167,4.4167
Zwijndrecht,2070,51.2167,4.3333
Antwerpen Deurne,2100,51.2167,4.4167
Wijnegem,2110,51.2333,4.5333
Antwerpen Borgerhout,2140,51.2167,4.4167
Borsbeek,2150,51.2,4.4833
Wommelgem,2160,51.2,4.5167
Antwerpen Merksem,2170,51.2167,4.4167
Antwerpen Ekeren,2180,51.2167,4.4167
Herentals Noorderwijk,2200,51.15,4.8333
Heist-op-den-Berg,2220,51.1605,4.7784
Heist-op-den-Berg,2221,51.1605,4.7784
Heist-op-den-Berg Wiekevorst,2222,51.1605,4.7784
Heist-op-den-Berg,2223,51.1605,4.7784
Herselt,2230,51.05,4.8833
Hulshout,2235,51.0833,4.7833
Zandhoven Massenhoven,2240,51.2,4.6167
Zandhoven Pulderbos,2242,51.2167,4.6833
Zandhoven Pulle,2243,51.2,4.7
Olen,2250,51.15,4.85
Westerlo,2260,51.0833,4.9167
Herenthout,2270,51.15,4.7667
Lille Poederlee,2275,51.2333,4.8167
Grobbendonk,2280,51.2,4.7167
Grobbendonk Bouwel,2288,51.1667,4.7333
Vorselaar,2290,51.2,4.7667
Turnhout,2300,51.3167,4.95
Rijkevorsel,2310,51.35,4.7667
Hoogstraten,2320,51.4,4.7667
Hoogstraten,2321,51.4,4.7667
Hoogstraten,2322,51.4,4.7667
Hoogstraten Wortel,2323,51.4,4.8
Hoogstraten Meerle,2328,51.4667,4.8
Merksplas,2330,51.3667,4.8667
Beerse,2340,51.3167,4.8667
Vosselaar,2350,51.3167,4.8833
Oud-Turnhout,2360,51.3167,4.9833
Arendonk,2370,51.3167,5.0833
Ravels,2380,51.3667,5.0
Ravels,2381,51.3667,5.0
Ravels Poppel,2382,51.45,5.0333
Baarle-Hertog,2387,51.45,4.9333
Malle,2390,51.3,4.7083
Mol,2400,51.1833,5.1
Laakdal Vorst,2430,51.1,5.0
Herselt Varendonk,2431,51.0583,4.9417
Geel,2440,51.1667,5.0
Meerhout,2450,51.35,4.75
Kasterlee Lichtaart,2460,51.2333,4.9
Retie,2470,51.2667,5.0667
Dessel,2480,51.2333,5.1167
Balen,2490,51.1667,5.15
Balen,2491,51.1667,5.15
Lier,2500,51.1,4.6
Ranst Emblem,2520,51.1667,4.6
Boechout,2530,51.1667,4.5
Boechout,2531,51.1667,4.5
Hove,2540,51.15,4.4667
Lint,2547,51.1333,4.5
Kontich Waarloos,2550,51.1,4.45
Nijlen Kessel,2560,51.1333,4.6167
Duffel,2570,51.1,4.5167
Putte,2580,51.0667,4.6333
Berlaar Gestel,2590,51.1333,4.65
Antwerpen,2600,51.2167,4.4167
Antwerpen Wilrijk,2610,51.2167,4.4167
Hemiksem,2620,51.15,4.35
Schelle,2627,51.1333,4.3333
Aartselaar,2630,51.1333,4.3833
Mortsel,2640,51.1667,4.4667
Edegem,2650,51.15,4.45
Antwerpen,2660,51.2167,4.4167
Mechelen,2800,51.0333,4.4667
Mechelen Heffen,2801,51.05,4.4167
Mechelen Leest,2811,51.0333,4.4167
Mechelen,2812,51.0333,4.4667
Bonheiden Rijmenam,2820,51.0,4.5667
Willebroek Tisselt,2830,51.0333,4.3667
Rumst,2840,51.0833,4.4167
Niel,2845,51.1167,4.3333
Boom,2850,51.0833,4.3667
Sint-Katelijne-Waver,2860,51.0667,4.5333
Sint-Katelijne-Waver Onze-Lieve-Vrouw-Waver,2861,51.0667,4.5667
Puurs Breendonk,2870,51.05,4.3333
Bornem Mariekerke,2880,51.1,4.2333
Sint-Amands,2890,51.05,4.2
Schoten,2900,51.25,4.5
Essen,2910,51.4667,4.4667
Kalmthout,2920,51.3833,4.4667
Brasschaat,2930,51.2833,4.45
Stabroek Hoevenen,2940,51.3,4.3833
Kapellen,2950,51.3167,4.4333
Brecht Sint-Lenaarts,2960,51.35,4.6833
Schilde 's Gravenwezel,2970,51.2333,4.5667
Zoersel Halle,2980,51.2667,4.7
Wuustwezel Loenhout,2990,51.4,4.65
Halle,1500,50.741,4.2325
Halle,1501,50.741,4.2325
Halle Lembeek,1502,50.741,4.2325
Herne Herfelingen,1540,50.75,4.1
Herne Sint-Pieters-Kapelle,1541,50.7167,4.0333
Bever,1547,50.9167,4.3167
Hoeilaart,1560,50.7667,4.4667
Galmaarden,1570,50.75,3.9667
Sint-Pieters-Leeuw Oudenaken,1600,50.7833,4.2
Sint-Pieters-Leeuw Ruisbroek,1601,50.7875,4.2167
Sint-Pieters-Leeuw Vlezenbeek,1602,50.8,4.2333
Drogenbos,1620,50.7833,4.3167
Linkebeek,1630,50.7667,4.3333
Sint-Genesius-Rode,1640,50.75,4.35
Beersel,1650,50.7667,4.3
Beersel Lot,1651,50.7667,4.2667
Beersel Alsemberg,1652,50.7333,4.3167
Beersel Dworp,1653,50.7333,4.3
Beersel Huizingen,1654,50.75,4.2833
Pepingen,1670,50.75,4.15
Pepingen,1671,50.75,4.15
Pepingen,1673,50.75,4.15
Pepingen Bellingen,1674,50.75,4.15
Dilbeek,1700,50.85,4.2667
Dilbeek,1701,50.85,4.2667
Dilbeek Groot-Bijgaarden,1702,50.8667,4.25
Dilbeek Schepdaal,1703,50.8333,4.1833
Asse Bekkerzeel,1730,50.8833,4.2333
Asse,1731,50.9167,4.2
Ternat,1740,50.8667,4.1833
Ternat Wambeek,1741,50.85,4.1667
Ternat Sint-Katherina-Lombeek,1742,50.8667,4.15
Opwijk,1745,50.9667,4.1833
Lennik Gaasbeek,1750,50.8,4.1833
Gooik,1755,50.8,4.1167
Roosdaal Pamel,1760,50.8461,4.0691
Roosdaal Borchtlombeek,1761,50.849,4.1372
Liedekerke,1770,50.8667,4.0833
Wemmel,1780,50.9167,4.3
Merchtem Hamme,1785,50.95,4.25
Affligem Teralfene,1790,50.9,4.1
Vilvoorde,1800,50.9333,4.4333
Cargovil,1804,50.9473,4.4273
VTM,1818,50.9142,4.399
Steenokkerzeel Melsbroek,1820,50.9167,4.4833
Machelen,1830,50.9167,4.4333
Machelen Diegem,1831,50.9,4.4333
Londerzeel Steenhuffel,1840,51.0,4.2667
Grimbergen,1850,50.9333,4.3833
Grimbergen Humbeek,1851,50.9667,4.3833
Grimbergen,1852,50.9333,4.3833
Grimbergen Strombeek-Bever,1853,50.9,4.35
Meise,1860,50.9333,4.3333
Meise Wolvertem,1861,50.95,4.3
Kapelle-op-den-Bos Ramsdonk,1880,50.9412,4.386
Kampenhout Buken,1910,50.9333,4.6167
Zaventem,1930,50.8833,4.4667
Brucargo,1931,50.9033,4.4522
Zaventem Sint-Stevens-Woluwe,1932,50.8667,4.45
Zaventem,1933,50.8833,4.4667
Bruxelles X-Aeroport Remailing,1934,50.8923,4.4878
Kraainem,1950,50.8667,4.4667
Wezembeek-Oppem,1970,50.85,4.4833
Zemst Eppegem,1980,50.9667,4.4667
Zemst Hofstade,1981,50.9833,4.4667
Zemst Weerde,1982,50.9667,4.4833
Leuven,3000,50.8796,4.7009
Leuven Heverlee,3001,50.8796,4.7009
Leuven,3010,50.8796,4.7009
Leuven,3012,50.8796,4.7009
Leuven Wijgmaal,3018,50.8796,4.7009
Herent Winksele,3020,50.9,4.65
Huldenberg,3040,50.7833,4.5833
Oud-Heverlee,3050,50.8333,4.6667
Oud-Heverlee Sint-Joris-Weert,3051,50.8,4.65
Oud-Heverlee Blanden,3052,50.8333,4.7167
Oud-Heverlee Haasrode,3053,50.8333,4.7333
Oud-Heverlee Vaalbeek,3054,50.8333,4.6833
Bertem Korbeek-Dijle,3060,50.85,4.65
Bertem Leefdaal,3061,50.85,4.5833
Kortenberg,3070,50.8833,4.5333
Kortenberg Erps-Kwerps,3071,50.9,4.5667
Kortenberg Meerbeek,3078,50.8833,4.6
Tervuren,3080,50.8167,4.5167
Overijse Jezus-Eik,3090,50.7667,4.5333
Rotselaar,3110,50.95,4.7167
Rotselaar Wezemaal,3111,50.95,4.7667
Rotselaar Werchter,3118,50.9667,4.7
Tremelo,3120,50.9833,4.7
Tremelo,3128,50.9833,4.7
Begijnendijk Betekom,3130,50.9833,4.7833
Keerbergen,3140,51.0,4.6167
Haacht Wespelaar,3150,50.95,4.6333
Boortmeerbeek,3190,50.9833,4.5667
Boortmeerbeek Hever,3191,51.0,4.55
Aarschot Gelrode,3200,50.9667,4.8
Aarschot Langdorp,3201,51.0,4.8667
Aarschot Rillaar,3202,50.9667,4.9
Lubbeek,3210,50.8833,4.8333
Lubbeek,3211,50.8833,4.8333
Lubbeek Pellenberg,3212,50.8667,4.8
Holsbeek Kortrijk-Dutsel,3220,50.9333,4.8
Holsbeek Nieuwrode,3221,50.95,4.8333
Scherpenheuvel-Zichem,3270,51.0,4.9833
Scherpenheuvel-Zichem Zichem,3271,51.0,4.9833
Scherpenheuvel-Zichem,3272,51.0,4.9833
Diest,3290,50.9834,5.0501
Diest Kaggevinne,3293,50.9833,5.0333
Diest Molenstede,3294,51.0,5.0167
Tienen Bost,3300,50.7833,4.95
Hoegaarden,3320,50.7833,4.9
Hoegaarden Outgaarden,3321,50.7667,4.9167
Linter Neerhespen,3350,50.8,5.05
Bierbeek,3360,50.8333,4.7667
Boutersem Kerkom,3370,50.85,4.8667
Glabbeek,3380,50.8667,4.95
Glabbeek,3381,50.8667,4.95
Glabbeek Attenrode,3384,50.8833,4.9167
Tielt-Winge,3390,50.9167,4.8667
Tielt-Winge Meensel-Kiezegem,3391,50.9167,4.8667
Landen Wange,3400,50.7833,5.0333
Landen Waasmont,3401,50.7333,5.0667
Landen Neerlanden,3404,50.7833,5.0833
Zoutleeuw Budingen,3440,50.8667,5.1
Geetbets,3450,50.8833,5.1167
Geetbets Rummen,3454,50.8833,5.1667
Bekkevoort Assent,3460,50.95,5.0167
Bekkevoort,3461,50.95,4.9667
Kortenaken Ransberg,3470,50.8833,5.05
Kortenaken Hoeleden,3471,50.8667,4.9833
Kortenaken Kersbeek-Miskom,3472,50.8833,5.0
Kortenaken Waanrode,3473,50.9167,5.0
Tienen Sint-Margriete-Houtem,9981,51.2661,3.5316
Hasselt Sint-Lambrechts-Herk,3500,50.9,5.3
Hasselt,3501,50.9333,5.3333
Hasselt Spalbeek,3510,50.9333,5.3333
Hasselt Stokrooie,3511,50.9417,5.3167
Hasselt,3512,50.9333,5.3333
Zonhoven,3520,50.9833,5.35
Houthalen-Helchteren Helchteren,3530,51.05,5.3667
Herk-de-Stad Donk,3540,50.9556,5.0778
Halen Zelem,3545,50.9833,5.0833
Heusden-Zolder Zolder,3550,51.0167,5.3
Lummen,3560,50.9833,5.2
Alken,3570,50.8667,5.3
Beringen,3580,51.05,5.2167
Beringen,3581,51.05,5.2167
Beringen Koersel,3582,51.0667,5.2667
Beringen Paal,3583,51.0333,5.1833
Diepenbeek,3590,50.9,5.4
Diepenbeek Genk,3600,51.002,5.6836
Lanaken,3620,50.8833,5.65
Lanaken,3621,50.8833,5.65
Maasmechelen Leut,3630,51.0,5.7333
Maasmechelen Boorsem,3631,50.9333,5.7167
Kinrooi Molenbeersel,3640,51.1667,5.7333
Dilsen-Stokkem Elen,3650,51.0167,5.75
Opglabbeek,3660,51.05,5.5833
As,3665,51.0167,5.5833
As Niel-bij-As,3668,51.0167,5.5833
Meeuwen-Gruitrode Neerglabbeek,3670,51.0833,5.5833
Maaseik Opoeteren,3680,51.0667,5.65
Zutendaal,3690,50.9333,5.5667
Tongeren Koninksem,3700,50.7667,5.4333
Herstappe,3717,50.7333,5.4167
Kortessem,3720,50.8667,5.3667
Kortessem Vliermaalroot,3721,50.8667,5.4167
Kortessem Wintershoven,3722,50.85,5.4
Kortessem,3723,50.8667,5.3667
Kortessem Vliermaal,3724,50.8333,5.4167
Hoeselt Sint-Huibrechts-Hern,3730,50.8333,5.4333
Hoeselt Schalkhoven,3732,50.8333,5.4333
Bilzen Spouwen,3740,50.8646,5.5375
Bilzen Martenslinde,3742,50.85,5.5333
Bilzen Hoelbeek,3746,50.8667,5.55
Riemst Herderen,3770,50.8167,5.5667
Voeren Sint-Martens-Voeren,3790,50.75,5.8167
Voeren Remersdaal,3791,50.7333,5.8833
Voeren Sint-Pieters-Voeren,3792,50.7333,5.8167
Voeren Teuven,3793,50.75,5.8667
Voeren 's Gravenvoeren,3798,50.7667,5.7667
Sint-Truiden Zepperen,3800,50.8167,5.2333
Sint-Truiden,3803,50.8,5.2
Sint-Truiden,3806,50.8,5.2
Wellen,3830,50.85,5.3167
Wellen Herten,3831,50.8333,5.3167
Wellen Ulbeek,3832,50.8333,5.3
Borgloon Haren,3840,50.803,5.3182
Nieuwerkerken,3850,50.8667,5.1833
Heers Batsheers,3870,50.7333,5.2667
Gingelom,3890,50.75,5.1167
Gingelom,3891,50.75,5.1167
Overpelt,3900,51.2167,5.4167
Neerpelt Herent,3910,51.225,5.45
Lommel,3920,51.2333,5.3
Hamont-Achel,3930,51.25,5.4833
Hechtel-Eksel,3940,51.15,5.3833
Hechtel-Eksel,3941,51.15,5.3833
Ham Kwaadmechelen,3945,51.15,5.3833
Bocholt Reppel,3950,51.15,5.5667
Bree,3960,51.1333,5.6
Leopoldsburg,3970,51.1167,5.25
Leopoldsburg Heppen,3971,51.1167,5.2167
Tessenderlo,3980,51.0667,5.0833
Peer,3990,51.1333,5.4667
Gent,9000,51.05,3.7167
Gent Mariakerke,9030,51.05,3.7167
Gent,9031,51.05,3.7167
Gent,9032,51.05,3.7167
Gent,9040,51.05,3.7167
Gent,9041,51.05,3.7167
Gent,9042,51.05,3.7167
Gent,9050,51.05,3.7167
Gent Afsnee,9051,51.05,3.7167
Gent Zwijnaarde,9052,51.05,3.7167
Zelzate,9060,51.2,3.8167
Destelbergen,9070,51.05,3.8
Lochristi Zeveneken,9080,51.1,3.9
Melle,9090,51.0,3.8
Sint-Niklaas Nieuwkerken-Waas,9100,51.2,4.1833
Sint-Niklaas,9111,51.1667,4.1333
Sint-Niklaas,9112,51.1667,4.1333
Beveren,9120,51.2167,4.25
Beveren Kieldrecht,9130,51.2167,4.25
Temse Elversele,9140,51.1167,4.1333
Kruibeke Bazel,9150,51.15,4.3
Lokeren Eksaarde,9160,51.15,3.9667
Sint-Gillis-Waas Meerdonk,9170,51.2667,4.15
Moerbeke-Waas,9180,51.1667,3.9333
Wachtebeke,9185,51.1667,3.8667
Stekene Kemzeke,9190,51.2,4.0833
Dendermonde Baasrode,9200,51.0333,4.1667
Hamme Moerzeke,9220,51.0667,4.15
Wetteren,9230,51.0,3.8833
Zele,9240,51.0667,4.0333
Waasmunster,9250,51.1,4.0833
Buggenhout Opdorp,9255,51.0333,4.2167
Wichelen Schellebelle,9260,51.0167,3.9333
Laarne Kalken,9270,51.0333,3.9167
Lebbeke Denderbelle,9280,51.0,4.0833
Berlare,9290,51.0333,4.0
Aalst,9300,50.9333,4.0333
Aalst,9308,50.9333,4.0333
Aalst Meldert,9310,50.9333,4.0333
Aalst Nieuwerkerken,9320,50.9333,4.0333
Lede,9340,50.9667,3.9833
Ninove Voorde,9400,50.8167,3.95
Ninove Pollare,9401,50.8167,3.9833
Ninove Meerbeke,9402,50.8333,4.0333
Ninove Neigem,9403,50.8,4.05
Ninove,9404,50.8333,4.0167
Ninove,9406,50.8333,4.0167
Erpe-Mere Burst,9420,50.9167,3.9667
Haaltert,9450,50.9,4.0
Haaltert Kerksken,9451,50.8833,3.9833
Denderleeuw,9470,50.8833,4.0667
Denderleeuw,9472,50.8833,4.0667
Denderleeuw Welle,9473,50.9,4.0333
Geraardsbergen Nederboelare,9500,50.7833,3.8667
Geraardsbergen Idegem,9506,50.8,3.9167
Sint-Lievens-Houtem,9520,50.9167,3.85
Sint-Lievens-Houtem,9521,50.9167,3.85
Herzele Sint-Lievens-Esse,9550,50.85,3.8667
Herzele,9551,50.8833,3.8833
Herzele Borsbeke,9552,50.9,3.8833
Lierde Sint-Maria-Lierde,9570,50.8167,3.85
Lierde Hemelveerdegem,9571,50.8,3.85
Lierde Sint-Martens-Lierde,9572,50.8,3.8167
Ronse,9600,50.75,3.6
Zottegem Grotenberge,9620,50.8667,3.8167
Zwalm Paulatem,9630,50.9,3.7
Zwalm Nederzwalm,9636,50.8833,3.6833
Brakel Opbrakel,9660,50.7833,3.75
Brakel Parike,9661,50.7833,3.8
Horebeke,9667,50.8361,3.6938
Maarkedal,9680,50.8083,3.6333
Maarkedal,9681,50.8,3.5833
Maarkedal,9688,50.8,3.6667
Kluisbergen Berchem,9690,50.8478,3.7321
Oudenaarde Edelare,9700,50.8333,3.6167
Zingem,9750,50.9,3.65
Kruishoutem,9770,50.9,3.5167
Kruishoutem Nokere,9771,50.8833,3.5
Kruishoutem Wannegem-Lede,9772,50.8833,3.55
Wortegem-Petegem Wortegem,9790,50.8698,3.5921
Deinze Astene,9800,50.9833,3.55
Nazareth,9810,51.0,3.65
Merelbeke Bottelare,9820,50.9667,3.75
Sint-Martens-Latem,9830,51.0167,3.6333
Sint-Martens-Latem Deurle,9831,51.0,3.6
De Pinte,9840,51.0,3.65
Nevele Vosselare,9850,51.0333,3.55
Oosterzele,9860,50.95,3.8
Zulte,9870,50.9167,3.4333
Aalter Poeke,9880,51.05,3.4333
Aalter Bellem,9881,51.0833,3.5
Gavere,9890,50.9333,3.6667
Eeklo,9900,51.1833,3.5667
Knesselare Ursel,9910,51.1333,3.4833
Lovendegem,9920,51.1,3.6
Lovendegem,9921,51.1,3.6
Zomergem,9930,51.1167,3.55
Zomergem Oostwinkel,9931,51.15,3.5167
Zomergem Ronsele,9932,51.1333,3.55
Evergem Wippelgem,9940,51.1458,3.7167
Waarschoot,9950,51.15,3.6
Assenede,9960,51.2333,3.75
Assenede,9961,51.2333,3.75
Assenede,9968,51.2333,3.75
Kaprijke,9970,51.2167,3.6
Kaprijke Lembeke,9971,51.2,3.6333
Sint-Laureins,9980,51.25,3.5167
Sint-Laureins,9982,51.25,3.5167
Sint-Laureins Waterland-Oudeman,9988,51.2833,3.5833
Maldegem,9990,51.2167,3.45
Maldegem,9991,51.2167,3.45
Maldegem Middelburg,9992,51.25,3.4167
Brugge Koolkerke,8000,51.25,3.25
Oostkamp Waardamme,8020,51.1167,3.2167
Brugge,8200,51.2098,3.225
Zedelgem,8210,51.15,3.1333
Zedelgem Aartrijke,8211,51.1167,3.0833
Knokke-Heist Knokke,8300,51.35,3.2667
Knokke-Heist Ramskapelle,8301,51.35,3.2667
Brugge Assebroek,8310,51.2098,3.225
Damme Sijsele,8340,51.2,3.3167
Blankenberge,8370,51.3167,3.1333
Zuienkerke Nieuwmunster,8377,51.2833,3.0833
Brugge Zeebrugge,8380,51.2098,3.225
Oostende Zandvoorde,8400,51.2083,2.9167
De Haan Wenduine,8420,51.3,3.0833
De Haan Vlissegem,8421,51.25,3.05
Middelkerke,8430,51.1833,2.8167
Middelkerke Wilskerke,8431,51.1833,2.8333
Middelkerke,8432,51.1833,2.8167
Middelkerke Sint-Pieters-Kapelle,8433,51.1458,2.8292
Middelkerke Lombardsijde,8434,51.15,2.75
Bredene,8450,51.2333,2.9667
Oudenburg Ettelgem,8460,51.1833,3.0333
Gistel,8470,51.1667,2.95
Ichtegem Eernegem,8480,51.1333,3.0167
Jabbeke Zerkegem,8490,51.1667,3.0667
Kortrijk,8500,50.828,3.2649
Kortrijk Heule,8501,50.8375,3.2382
Kortrijk Marke,8510,50.828,3.2649
Kortrijk,8511,50.828,3.2649
Kuurne,8520,50.85,3.2833
Harelbeke,8530,50.85,3.3
Harelbeke,8531,50.85,3.3
Deerlijk,8540,50.85,3.35
Zwevegem,8550,50.8,3.3333
Zwevegem Heestert,8551,50.7833,3.4
Zwevegem Moen,8552,50.7667,3.4
Zwevegem Otegem,8553,50.8,3.4167
Zwevegem,8554,50.8,3.3333
Wevelgem Gullegem,8560,50.8333,3.2
Anzegem Ingooigem,8570,50.8167,3.4333
Anzegem,8572,50.8333,3.4667
Anzegem,8573,50.8333,3.4667
Avelgem,8580,50.7667,3.4333
Avelgem Waarmaarde,8581,50.7833,3.4833
Avelgem,8582,50.7667,3.4333
Avelgem Bossuit,8583,50.75,3.4
Spiere-Helkijn Helkijn,8587,50.7333,3.3833
Diksmuide Driekapellen,8600,51.0474,2.8474
Kortemark,8610,51.0333,3.0333
Nieuwpoort Ramskapelle,8620,51.1333,2.75
Veurne Bulskamp,8630,51.05,2.65
Vleteren,8640,50.9222,2.7444
Lo-Reninge Lo,8647,50.9583,2.775
Houthulst Klerken,8650,51.0,2.9
De Panne De Panne,8660,51.0833,2.5917
Koksijde Sint-Idesbald,8670,51.1056,2.6778
Koekelare,8680,51.0833,2.9667
Alveringem Oeren,8690,51.0333,2.7
Alveringem Leisele,8691,50.9833,2.6167
Tielt Schuiferskapelle,8700,51.0333,3.3333
Wielsbeke,8710,50.9,3.3667
Dentergem,8720,50.9667,3.4167
Beernem Oedelem,8730,51.1667,3.3333
Pittem Egem,8740,51.0167,3.2667
Wingene Zwevezele,8750,51.0333,3.2
Ruiselede,8755,51.05,3.4
Meulebeke,8760,50.95,3.2833
Ingelmunster,8770,50.9167,3.25
Oostrozebeke,8780,50.9167,3.3333
Waregem,8790,50.8833,3.4167
Waregem Beveren,8791,50.8833,3.4167
Waregem,8792,50.8833,3.4167
Waregem Sint-Eloois-Vijve,8793,50.9,3.4
Roeselare,8800,50.9465,3.1227
Lichtervelde,8810,51.0333,3.15
Torhout,8820,51.0667,3.1
Hooglede Gits,8830,51.0,3.1
Staden,8840,50.9833,3.0167
Ardooie,8850,50.9833,3.2
Ardooie,8851,50.9833,3.2
Lendelede,8860,50.8833,3.2333
Izegem Emelgem,8870,50.9333,3.2167
Ledegem,8880,50.85,3.1167
Moorslede Dadizele,8890,50.85,3.0833
Ieper Sint-Jan,8900,50.8667,2.9
Ieper Zillebeke,8902,50.8333,2.9167
Ieper,8904,50.85,2.8833
Ieper,8906,50.85,2.8833
Ieper Vlamertinge,8908,50.85,2.8167
Langemark-Poelkapelle Bikschote,8920,50.9333,2.8667
Menen Rekkem,8930,50.7833,3.15
Wervik Geluwe,8940,50.8,3.0667
Heuvelland Nieuwkerke,8950,50.75,2.8167
Heuvelland,8951,50.776,2.8223
Heuvelland Wulvergem,8952,50.75,2.85
Heuvelland,8953,50.776,2.8223
Heuvelland Westouter,8954,50.8,2.7333
Heuvelland Kemmel,8956,50.7833,2.8167
Mesen,8957,50.7667,2.9
Heuvelland,8958,50.776,2.8223
Poperinge,8970,50.85,2.7167
Poperinge,8972,50.85,2.7167
Poperinge,8978,50.85,2.7167
Zonnebeke Zandvoorde,8980,50.8639,3.0066
Wavre,1300,50.7167,4.6167
Wavre Bierges,1301,50.7167,4.6
La Hulpe,1310,50.7333,4.4833
Incourt Roux-Miroir,1315,50.7167,4.7833
Beauvechain Tourinnes-la-Grosse,1320,50.775,4.7625
Chaumont-Gistoux Dion-Valmont,1325,50.6944,4.7222
Rixensart,1330,50.7167,4.5333
Rixensart Rosières,1331,50.7333,4.55
Rixensart Genval,1332,50.7167,4.4833
Ottignies-Louvain-la-Neuve,1340,50.7057,4.7484
Ottignies-Louvain-la-Neuve Céroux-Mousty,1341,50.7057,4.7484
Ottignies-Louvain-la-Neuve Limelette,1342,50.7057,4.7484
Ottignies-Louvain-la-Neuve Louvain-la-Neuve,1348,50.7057,4.7484
Nivelles Noduwez,1350,50.7333,4.9667
Hélécine,1357,50.7042,4.9583
Perwez Orbais,1360,50.6333,4.7667
Ramillies Bomal,1367,50.6556,4.8833
Jodoigne Jodoigne-Souveraine,1370,50.7,4.85
Lasne Lasne-Chapelle-Saint-Lambert,1380,50.6833,4.4833
Grez-Doiceau Biez,1390,50.7333,4.7
Nivelles,1400,50.6,4.3333
Nivelles Baulers,1401,50.6167,4.35
Nivelles Thines,1402,50.6,4.3667
Nivelles Bornival,1404,50.6,4.2667
Waterloo,1410,50.7167,4.3833
Promo-Control,1414,50.7183,4.3858
Braine-l'Alleud Braine-l'Alleud,1420,50.6339,4.4021
Braine-l'Alleud Ophain-Bois-Seigneur-Isaac,1421,50.6339,4.4021
Braine-l'Alleud Lillois-Witterzée,1428,50.6339,4.4021
Rebecq Quenast,1430,50.6667,4.15
Mont-Saint-Guibert Hévillers,1435,50.6167,4.6167
Brainele-Château Wauthier-Braine,1440,50.6339,4.4021
Chastre Saint-Géry,1450,50.5833,4.6167
Walhain Tourinnes-Saint-Lambert,1457,50.6333,4.7167
Ittre Virginal-Samme,1460,50.6333,4.2
Ittre Haut-Ittre,1461,50.65,4.3
Genappe Bousval,1470,50.6167,4.5
Genappe Loupoigne,1471,50.6,4.4333
Genappe Vieux-Genappe,1472,50.6,4.4333
Genappe Glabais,1473,50.6333,4.45
Genappe Ways,1474,50.6167,4.45
Genappe Houtainle-Val,1476,50.6095,4.4548
Tubize,1480,50.6833,4.2
Court-Saint-Etienne,1490,50.65,4.5667
Villers-la-Ville Tilly,1495,50.65,4.5667
Charleroi,6000,50.4167,4.4333
Charleroi,6001,50.4167,4.4333
Charleroi Couillet,6010,50.4167,4.4333
Charleroi Dampremy,6020,50.4167,4.4333
Charleroi,6030,50.4167,4.4333
Charleroi Monceau-sur-Sambre,6031,50.4167,4.4333
Charleroi,6032,50.4167,4.4333
Charleroi,6040,50.4167,4.4333
Charleroi Gosselies,6041,50.5333,4.4333
Charleroi Lodelinsart,6042,50.4167,4.4333
Charleroi Ransart,6043,50.4167,4.4333
Charleroi Roux,6044,50.4167,4.4333
Charleroi Gilly,6060,50.4167,4.4333
Charleroi,6061,50.4167,4.4333
Montigny-le-Tilleul,6110,50.4524,4.3405
Montignyl-e-Tilleul Landelies,6111,50.4524,4.3405
Ham-sur-Heure-Nalinnes,6120,50.4524,4.3405
Fontaine-l'Evêque,6140,50.4524,4.3405
Fontaine-l'Evêque Forchies-la-Marche,6141,50.4524,4.3405
Fontaine-l'Evêque,6142,50.4524,4.3405
Anderlues,6150,50.4,4.2667
Courcelles,6180,50.4667,4.3667
Courcelles Gouy-lez-Piéton,6181,50.4667,4.3667
Courcelles Souvret,6182,50.4333,4.3333
Courcelles,6183,50.4667,4.3667
Châtelet Châtelineau,6200,50.4167,4.5167
Les Bons Villers Villers-Perwin,6210,50.5167,4.4667
Les Bons Villers Mellet,6211,50.5,4.4667
Fleurus Lambusart,6220,50.45,4.55
Fleurus,6221,50.4814,4.5488
Fleurus Brye,6222,50.5333,4.55
Fleurus Wagnelée,6223,50.5167,4.5167
Fleurus Wanfercée-Baulet,6224,50.4667,4.5833
Pont-à-Celles Buzet,6230,50.4387,4.5254
Pont-à-Celles Luttre,6238,50.4387,4.5254
Farciennes Pironchamps,6240,50.4167,4.5167
Aiseau-Presles Roselies,6250,50.3833,4.5833
Gerpinnes Gougnies,6280,50.35,4.5833
Froidchapelle Fourbechies,6440,50.0574,4.3157
Froidchapelle Erpion,6441,50.0574,4.3157
Chimay Saint-Remy,6460,50.05,4.3
Chimay Virelles,6461,50.0667,4.3333
Chimay,6462,50.05,4.3167
Chimay,6463,50.05,4.3167
Chimay,6464,50.05,4.3167
Sivry-Rance,6470,50.15,4.2667
Beaumont Renlies,6500,50.2,4.2667
Beaumont Strée,6511,50.2333,4.2333
Thuin,6530,50.3333,4.2833
Thuin Biesme-sous-Thuin,6531,50.3333,4.2833
Thuin Ragnies,6532,50.3,4.2667
Thuin,6533,50.3333,4.2833
Thuin,6534,50.3333,4.2833
Thuin,6536,50.3333,4.2833
Lobbes Mont-Sainte-Geneviève,6540,50.3667,4.2167
Lobbes Sars-la-Buissière,6542,50.35,4.25
Lobbes Bienne-lez-Happart,6543,50.35,4.25
Erquelinnes Bersilliesl'Abbaye,6560,50.3029,4.1342
Merbes-le-Château,6567,50.3029,4.1342
Momignies,6590,50.0333,4.1667
Momignies Macon,6591,50.05,4.2167
Momignies Monceau-Imbrechies,6592,50.0333,4.2167
Momignies Macquenoise,6593,49.9833,4.1833
Momignies Beauwelz,6594,50.0167,4.15
Momignies Forge-Philippe,6596,49.9667,4.2667
Mons,7000,50.4541,3.9523
S.H.A.P.E. Belgique,7010,50.5041,3.9754
Mons,7011,50.4541,3.9523
Mons,7012,50.4541,3.9523
Mons Nimy,7020,50.4541,3.9523
Mons,7021,50.4541,3.9523
Mons Mesvin,7022,50.4541,3.9523
Mons,7024,50.4541,3.9523
Mons,7030,50.4541,3.9523
Mons,7031,50.4541,3.9523
Mons,7032,50.4541,3.9523
Mons,7033,50.4541,3.9523
Mons,7034,50.4541,3.9523
Quévy Asquillies,7040,50.4019,3.9581
Quévy Havay,7041,50.3612,3.9837
Jurbise Erbaut,7050,50.5333,3.8833
Soignies Horrues,7060,50.6,4.0333
Soignies Thieusies,7061,50.5167,4.05
Soignies,7062,50.579,4.0713
Soignies Chaussée-Notre-Dame-Louvignies,7063,50.5918,3.998
Le Roeulx Le Roeulx,7070,50.501,4.1008
Frameries Noirchain,7080,50.4028,3.9259
Braine-le-Comte Henripont,7090,50.4728,3.974
La Louvière Saint-Vaast,7100,50.45,4.15
La Louvière Houdeng-Goegnies,7110,50.4713,4.1266
Estinnes Croix-lez-Rouveroy,7120,50.3663,4.0957
Binche Bray,7130,50.4324,4.1059
Binche Waudrez,7131,50.4135,4.1505
Binche,7133,50.4,4.1667
Binche Péronnes-lez-Binche,7134,50.4073,4.1832
Morlanwelz,7140,50.45,4.2333
Morlanwelz Mont-Sainte-Aldegonde,7141,50.4333,4.2167
Chapelle-lez-Herlaimont,7160,50.4495,4.1765
Manage Bois-d'Haine,7170,50.4833,4.2333
Seneffe,7180,50.5167,4.25
Seneffe Familleureux,7181,50.5167,4.2
Ecaussinnes,7190,50.5667,4.1833
Ecaussinnes,7191,50.5667,4.1833
Boussu,7300,50.4342,3.7944
Boussu Hornu,7301,50.4328,3.8274
Bernissart,7320,50.4746,3.6496
Bernissart,7321,50.4746,3.6496
Bernissart,7322,50.4746,3.6496
Saint-Ghislain,7330,50.4482,3.8189
Saint-Ghislain,7331,50.4482,3.8189
Saint-Ghislain,7332,50.4482,3.8189
Saint-Ghislain Tertre,7333,50.4692,3.8124
Saint-Ghislain Villerot,7334,50.4863,3.7905
Colfontaine Pâturages,7340,50.4072,3.855
Hensies Hainin,7350,50.4295,3.7666
Dour Elouges,7370,50.4024,3.7517
Quiévrain Baisieux,7380,50.3874,3.6955
Quiévrain Audregnies,7382,50.3832,3.7213
Honnelles Erquennes,7387,50.3594,3.7911
Quaregnon,7390,50.4407,3.8653
Tournai Saint-Maur,7500,50.5667,3.3833
Tournai Orcq,7501,50.6,3.3333
Tournai Esplechin,7502,50.5667,3.3
Tournai Froyennes,7503,50.6167,3.35
Tournai Froidmont,7504,50.5833,3.3167
Tournai Willemeau,7506,50.5667,3.3333
Tournai,7520,50.6,3.3833
Tournai,7521,50.6,3.3833
Tournai Blandain,7522,50.6,3.3833
Tournai Gaurain-Ramecroix,7530,50.6,3.3833
Tournai,7531,50.6,3.3833
Tournai,7532,50.6,3.3833
Tournai Thimougies,7533,50.6,3.3833
Tournai Barry,7534,50.6,3.3833
Tournai,7536,50.6,3.3833
Tournai,7538,50.6,3.3833
Tournai,7540,50.6,3.3833
Tournai,7542,50.6,3.3833
Tournai,7543,50.6,3.3833
Tournai,7548,50.6,3.3833
Péruwelz,7600,50.5082,3.5937
Péruwelz Roucourt,7601,50.5288,3.5863
Péruwelz Bury,7602,50.5428,3.5939
Péruwelz Bon-Secours,7603,50.498,3.6082
Péruwelz,7604,50.5082,3.5937
Péruwelz Wiers,7608,50.5086,3.5347
Rumes,7610,50.55,3.3
Rumes,7611,50.55,3.3
Rumes Taintignies,7618,50.55,3.3333
Brunehaut Bléharies,7620,50.539,3.4902
Brunehaut Lesdain,7621,50.539,3.4902
Brunehaut Laplaigne,7622,50.539,3.4902
Brunehaut Rongy,7623,50.539,3.4902
Brunehaut Howardries,7624,50.539,3.4902
Antoing,7640,50.5667,3.45
Antoing,7641,50.5667,3.45
Antoing,7642,50.5667,3.45
Antoing,7643,50.5667,3.45
Mouscron Luingne,7700,50.7333,3.2333
Mouscron Dottignies,7711,50.7333,3.2167
Mouscron,7712,50.7333,3.2167
Estaimpuis Saint-Léger,7730,50.6861,3.275
Pecq,7740,50.6833,3.3333
Pecq,7742,50.6833,3.3333
Pecq Obigies,7743,50.6667,3.35
Mont-de-l'Enclus Orroir,7750,50.7005,3.2756
Celles Pottes,7760,50.7167,3.45
Comines-Warneton,7780,50.7594,2.96
Comines-Warneton,7781,50.7594,2.96
Comines-Warneton,7782,50.7594,2.96
Comines-Warneton,7783,50.7594,2.96
Comines-Warneton,7784,50.7594,2.96
Ath Lanquesaint,7800,50.6539,3.8043
Ath Irchonwelz,7801,50.6207,3.7508
Ath,7802,50.6294,3.778
Ath,7803,50.6294,3.778
Ath,7804,50.6294,3.778
Ath,7810,50.6294,3.778
Ath,7811,50.6294,3.778
Ath,7812,50.6294,3.778
Ath,7822,50.6294,3.778
Ath,7823,50.6294,3.778
Silly Fouleng,7830,50.6189,3.9269
Enghien Marcq,7850,50.6833,4.0167
Lessines,7860,50.7167,3.8333
Lessines,7861,50.7167,3.8333
Lessines Ogy,7862,50.7167,3.7667
Lessines Ghoy,7863,50.7167,3.8
Lessines Deux-Acren,7864,50.7167,3.8333
Lessines Ollignies,7866,50.6833,3.85
Lens Montignies-lez-Lens,7870,50.5778,3.9034
Flobecq,7880,50.7333,3.7333
Ellezelles Wodecq,7890,50.7167,3.75
Leuze-en-Hainaut,7900,50.5523,3.7431
Leuze-en-Hainaut Thieulain,7901,50.5523,3.7431
Leuze-en-Hainaut Chapelle-à-Wattines,7903,50.5523,3.7431
Leuze-en-Hainaut Pipaix,7904,50.5523,3.7431
Leuze-en-Hainaut Gallaix,7906,50.5523,3.7431
Frasnes-lez-Anvaing Ellignies-lez-Frasnes,7910,50.5523,3.7431
Frasnes-lez-Anvaing Moustier,7911,50.5523,3.7431
Frasnes-lez-Anvaing,7912,50.5523,3.7431
Brugelette,7940,50.5958,3.8536
Brugelette Attre,7941,50.6073,3.8392
Brugelette Mévergnies-lez-Lens,7942,50.6003,3.8666
Brugelette Gages,7943,50.6069,3.8914
Chièvres Tongre-Saint-Martin,7950,50.5864,3.7903
Chièvres,7951,50.5879,3.8071
Beloeil,7970,50.5505,3.7348
Beloeil Wadelincourt,7971,50.5377,3.6487
Beloeil Aubechies,7972,50.5742,3.6765
Beloeil Grandglise,7973,50.5057,3.6963
Liège Glain,4000,50.65,5.5333
Liège Wandre,4020,50.6412,5.5718
Liège,4030,50.6412,5.5718
Liège Angleur,4031,50.6412,5.5718
Liège Chênée,4032,50.6412,5.5718
Herstal,4040,50.6667,5.6333
Herstal Milmort,4041,50.7,5.6
Herstal Liers,4042,50.7,5.5667
Chaudfontaine,4050,50.5833,5.6333
Chaudfontaine,4051,50.5833,5.6333
Chaudfontaine,4052,50.5833,5.6333
Chaudfontaine,4053,50.5833,5.6333
Seraing Boncelles,4100,50.5667,5.5333
Seraing,4101,50.6,5.4833
Seraing,4102,50.6,5.4833
Neupré Rotheux-Rimière,4120,50.4952,5.5673
Neupré Neuville-en-Condroz,4121,50.4952,5.5673
Neupré,4122,50.4952,5.5673
Esneux Tilff,4130,50.5667,5.5833
Sprimont,4140,50.5,5.6667
Sprimont,4141,50.5,5.6667
Anthisnes,4151,50.4833,5.5167
Anthisnes,4160,50.4833,5.5167
Anthisnes Villers-aux-Tours,4161,50.4867,5.5033
Anthisnes,4162,50.4833,5.5167
Anthisnes,4163,50.4833,5.5167
Comblain-au-Pont,4170,50.4952,5.5673
Comblain-au-Pont,4171,50.4952,5.5673
Hamoir,4180,50.4333,5.5333
Hamoir,4181,50.4333,5.5333
Ferrières Vieuxville,4190,50.4,5.55
Burdinne Vissoul,4210,50.5833,5.0967
Héron Lavoir,4217,50.55,5.1
Héron,4218,50.55,5.0833
Wasseiges,4219,50.6167,5.0
Geer,4250,50.6667,5.1667
Geer,4252,50.6667,5.1667
Geer,4253,50.6667,5.1667
Geer,4254,50.6667,5.1667
Berloz,4257,50.7,5.2167
Braives,4260,50.6333,5.15
Braives Latinne,4261,50.6167,5.1667
Braives,4263,50.6333,5.15
Hannut Thisnes,4280,50.6667,5.0333
Lincent,4287,50.7167,5.0333
Waremme Bleret,4300,50.6833,5.2833
Faimes,4317,50.6667,5.2667
Awans,4340,50.6667,5.4667
Awans,4342,50.6667,5.4667
Fexhe-le-Haut-Clocher,4347,50.6833,5.45
Remicourt Lamine,4350,50.6833,5.3333
Remicourt Hodeige,4351,50.7,5.35
Donceel Limont,4357,50.6667,5.3167
Oreye Otrange,4360,50.7333,5.3667
Crisnée Thys,4367,50.7167,5.4
Flémalle Ivoz-Ramet,4400,50.6033,5.4367
Saint-Nicolas Montegnée,4420,50.65,5.5167
Ans,4430,50.65,5.5333
Ans Loncin,4431,50.6667,5.5
Ans,4432,50.65,5.5333
Juprelle,4450,50.7167,5.5333
Juprelle,4451,50.7167,5.5333
Juprelle,4452,50.7167,5.5333
Juprelle Villers-Saint-Siméon,4453,50.7167,5.5333
Juprelle Fexhe-Slins,4458,50.7167,5.5667
Grâce-Hollogne Horion-Hozémont,4460,50.6275,5.3913
Saint-Georges-sur-Meuse,4470,50.6624,5.4941
Engis Ehein,4480,50.5833,5.4167
Huy,4500,50.5167,5.2333
Wanze Bas-Oha,4520,50.5167,5.1833
Villers-le-Bouillet Warnant-Dreye,4530,50.6083,5.2917
Verlaine Seraing-le-Château,4537,50.6083,5.2917
Amay,4540,50.55,5.3167
Nandrin Saint-Séverin,4550,50.5333,5.4167
Tinlot Soheit-Tinlot,4557,50.4833,5.3667
Clavier Ocquier,4560,50.4,5.4
Marchin Vyle-et-Tharoul,4570,50.4667,5.2333
Modave,4577,50.45,5.3
Ouffet Ellemelle,4590,50.4667,5.45
Visé Richelle,4600,50.7167,5.6833
Visé Argenteau,4601,50.7,5.7
Visé Cheratte,4602,50.6833,5.6667
Dalhem,4606,50.7167,5.7167
Dalhem Feneur,4607,50.7,5.7167
Dalhem Warsage,4608,50.7333,5.7667
Beyne-Heusay,4610,50.6167,5.65
Fléron,4620,50.6167,5.6833
Fléron,4621,50.6167,5.6833
Fléron,4623,50.6167,5.6833
Fléron,4624,50.6167,5.6833
Soumagne Micheroux,4630,50.6167,5.7167
Soumagne Evegnée,4631,50.65,5.7
Soumagne Cerexhe-Heuseux,4632,50.65,5.7167
Soumagne Melen,4633,50.65,5.7333
Herve Chaineux,4650,50.6333,5.8333
Herve Battice,4651,50.65,5.8167
Herve,4652,50.6333,5.8
Herve,4653,50.6333,5.8
Herve Charneux,4654,50.6667,5.8
Blégny,4670,50.6667,5.7333
Blégny,4671,50.6667,5.7333
Blégny Saint-Remy,4672,50.7,5.7
Oupeye Hermée,4680,50.7167,5.6167
Oupeye Hermalle-sous-Argenteau,4681,50.7,5.65
Oupeye Heure-le-Romain,4682,50.7167,5.6333
Oupeye Vivegnis,4683,50.7,5.65
Oupeye Haccourt,4684,50.7333,5.6667
Bassenge Boirs,4690,50.75,5.6
Eupen,4700,50.6333,6.0333
Eupen Kettenis,4701,50.65,6.05
Lontzen,4710,50.6833,6.0
Lontzen,4711,50.6833,6.0
Kelmis,4720,50.4406,6.1303
Kelmis Neu-Moresnet,4721,50.4406,6.1303
Kelmis Hergenrath,4728,50.4406,6.1303
Raeren Hauset,4730,50.7167,6.0667
Raeren Eynatten,4731,50.7,6.0833
Bütgenbach Elsenborn,4750,50.4406,6.1303
Büllingen Manderfeld,4760,50.3333,6.3333
Büllingen Rocherath,4761,50.4346,6.2975
Amel Meyrode,4770,50.3292,6.1892
Amel Heppenbach,4771,50.3626,6.2183
Sankt Vith,4780,50.2833,6.1333
Sankt Vith,4782,50.2833,6.1333
Sankt Vith,4783,50.2833,6.1333
Sankt Vith Crombach,4784,50.26,6.0675
Burg-Reuland Reuland,4790,50.1969,6.1336
Burg-Reuland,4791,50.1969,6.1336
Verviers Ensival,4800,50.5833,5.85
Verviers Stembert,4801,50.5833,5.9
Verviers Heusy,4802,50.5833,5.85
Dison,4820,50.6167,5.85
Dison,4821,50.6167,5.85
Limbourg,4830,50.6167,5.9333
Limbourg,4831,50.6167,5.9333
Limbourg Goé,4834,50.6,5.9667
Baelen,4837,50.6333,5.9667
Welkenraedt,4840,50.65,5.9667
Welkenraedt,4841,50.65,5.9667
Jalhay Sart-lez-Spa,4845,50.5667,5.9667
Plombières Montzen,4850,50.7,5.9667
Plombières Sippenaeken,4851,50.75,5.9333
Plombières Hombourg,4852,50.7167,5.9167
Pepinster,4860,50.5667,5.8167
Pepinster,4861,50.5667,5.8167
Trooz Fraipont,4870,50.5667,5.7167
Olne,4877,50.5833,5.75
Aubel,4880,50.7,5.85
Thimister-Clermont,4890,50.6244,5.8764
Spa,4900,50.5,5.8667
Theux,4910,50.5333,5.8167
Aywaille Louveigné,4920,50.4478,5.6793
Waimes Faymonville,4950,50.4,6.1333
Malmedy,4960,50.4167,6.0333
Stavelot Coo,4970,50.4167,5.9417
Trois-Ponts Wanne,4980,50.355,5.9208
Trois-Ponts,4983,50.3589,5.8261
Stoumont La Gleize,4987,50.4167,5.85
Lierneux Bra,4990,50.3167,5.7333
Bastogne Wardin,6600,49.9907,5.7876
Martelange,6630,49.8333,5.7333
Fauvillers Tintange,6637,49.8833,5.75
Vaux-sur-Sûre,6640,49.8833,5.55
Juseret,6642,49.8797,5.5492
Houffalize Nadrin,6660,50.1599,5.6837
Houffalize Mont,6661,50.1535,5.769
Houffalize,6662,50.1334,5.7888
Houffalize,6663,50.1334,5.7888
Houffalize Wibrin,6666,50.1667,5.7167
Gouvy,6670,50.185,5.9411
Gouvy,6671,50.185,5.9411
Gouvy,6672,50.185,5.9411
Gouvy,6673,50.185,5.9411
Gouvy,6674,50.185,5.9411
Sainte-Ode Amberloup,6680,50.0333,5.5333
Sainte-Ode Lavacherie,6681,50.05,5.5167
Bertogne Flamierge,6686,50.085,5.6684
Bertogne,6687,50.085,5.6684
Bertogne Longchamps,6688,50.085,5.6684
Vielsalm Bihain,6690,50.2333,5.8167
Vielsalm Petit-Thier,6692,50.3086,5.9678
Vielsalm Grand-Halleux,6698,50.3258,5.9072
Arlon Toernich,6700,49.65,5.7833
Arlon Guirsch,6704,49.7333,5.85
Arlon Autelbas,6706,49.65,5.8667
Attert Tontelange,6717,49.7333,5.8
Habay Hachy,6720,49.7,5.6833
Habay,6721,49.7833,5.6167
Habay,6723,49.73,5.5967
Habay Rulles,6724,49.7167,5.5667
Tintigny Saint-Vincent,6730,49.6833,5.4833
Etalle Villers-sur-Semois,6740,49.6833,5.6
Etalle,6741,49.6833,5.6
Etalle,6742,49.6833,5.6
Etalle,6743,49.6833,5.6
Saint-Léger Châtillon,6747,49.6333,5.7
Musson Mussy-la-Ville,6750,49.5583,5.6667
Virton Ethe,6760,49.5833,5.5833
Virton,6761,49.5667,5.5333
Virton,6762,49.5667,5.5333
Rouvroy Torgny,6767,49.5167,5.4833
Meix-devant-Virton Sommethonne,6769,49.5528,5.5389
Messancy,6780,49.6,5.8167
Messancy Sélange,6781,49.6167,5.85
Messancy Habergy,6782,49.6167,5.7667
Aubange,6790,49.5833,5.8
Aubange Athus,6791,49.5667,5.8333
Aubange Rachecourt,6792,49.6,5.7333
Libramont-Chevigny Moircy,6800,49.8407,5.2515
Chiny Izel,6810,49.7,5.3833
Chiny,6811,49.7333,5.3333
Chiny Suxy,6812,49.7667,5.3833
Chiny Termes,6813,49.7167,5.45
Florenville,6820,49.7,5.3
Florenville,6821,49.7,5.3
Florenville,6823,49.7,5.3
Florenville Chassepierre,6824,49.7,5.2667
Bouillon Rochehaut,6830,49.85,5.0
Bouillon Noirefontaine,6831,49.8167,5.1
Bouillon Sensenruth,6832,49.8333,5.0833
Bouillon Vivy,6833,49.8667,5.0333
Bouillon,6834,49.8,5.0667
Bouillon,6836,49.8,5.0667
Bouillon Corbion,6838,49.8,5.0667
Neufchâteau Hamipré,6840,49.8333,5.45
Paliseul Carlsbourg,6850,49.9,5.0833
Paliseul,6851,49.9,5.1333
Paliseul,6852,49.9,5.1333
Paliseul,6853,49.9,5.1333
Paliseul Fays-les-Veneurs,6856,49.9,5.1333
Léglise Witry,6860,49.85,5.6167
Saint-Hubert Vesqueville,6870,50.0057,5.3968
Bertrix Orgeo,6880,49.8333,5.3
Herbeumont Saint-Médard,6887,49.8167,5.3333
Libin Ochamps,6890,49.9333,5.2833
Marche-en-Famenne Waha,6900,50.2167,5.3333
Wellin,6920,50.0833,5.1167
Wellin,6921,50.0833,5.1167
Wellin Halma,6922,50.0833,5.1333
Wellin Lomprez,6924,50.0833,5.1
Tellin Grupont,6927,50.0833,5.2833
Daverdisse Gembes,6929,50.0,5.0667
Durbuy Grandhan,6940,50.3333,5.4167
Durbuy Bende,6941,50.3689,5.5132
Nassogne,6950,50.1333,5.35
Nassogne Bande,6951,50.1667,5.4167
Nassogne Grune,6952,50.15,5.3833
Nassogne Forrières,6953,50.1333,5.2833
Manhay Harre,6960,50.3516,5.6574
Tenneville,6970,50.1,5.5333
Tenneville Champlon,6971,50.1082,5.5019
Tenneville Erneuville,6972,50.1167,5.55
La Roche-en-Ardenne Beausaint,6980,50.225,5.5125
La Roche-en-Ardenne Samrée,6982,50.225,5.5125
La Roche-en-Ardenne,6983,50.225,5.5125
La Roche-en-Ardenne Hives,6984,50.225,5.5125
La Roche-en-Ardenne Halleux,6986,50.225,5.5125
Rendeux Marcourt,6987,50.2167,5.5333
Hotton Marenne,6990,50.2333,5.4167
Erezée Amonines,6997,50.2667,5.5667
Namur Beez,5000,50.4667,4.9167
Namur Belgrade,5001,50.4667,4.8333
Namur Saint-Servais,5002,50.4667,4.8333
Namur,5003,50.4667,4.8667
Namur Bouge,5004,50.4667,4.9
Namur Vedrin,5020,50.5,4.8667
Namur Boninne,5021,50.5,4.9333
Namur Cognelée,5022,50.5167,4.9
Namur Gelbressée,5024,50.5167,4.95
Gembloux Grand-Manil,5030,50.55,4.6667
Gembloux,5031,50.5667,4.6833
Gembloux Bothey,5032,50.5167,4.65
Sambreville Velaine,5060,50.4389,4.6056
Fosses-la-Ville Le Roux,5070,50.4886,4.7695
La Bruyère Emines,5080,50.5167,4.85
La Bruyère,5081,50.2833,4.5833
Namur Wierde,5100,50.4245,4.9505
Namur Loyers,5101,50.4583,4.8833
Sombreffe,5140,50.5167,4.6
Floreffe,5150,50.4333,4.7833
Profondeville Rivière,5170,50.3579,4.8724
Jemeppe-sur-Sambre,5190,50.439,4.7972
Andenne Thon,5300,50.4667,5.0
Eghezée Taviers,5310,50.5907,4.8907
Assesse Maillen,5330,50.3833,4.9667
Assesse,5332,50.3714,5.0232
Assesse,5333,50.3714,5.0232
Assesse Florée,5334,50.3733,5.0691
Assesse Courrière,5336,50.3833,4.9833
Gesves Haltinne,5340,50.45,5.0833
Ohey Evelette,5350,50.4167,5.1667
Ohey Haillot,5351,50.4333,5.15
Ohey Perwez,5352,50.4333,5.1333
Ohey,5353,50.4333,5.1333
Ohey Jallet,5354,50.4333,5.1667
Hamois,5360,50.3419,5.157
Hamois Mohiville,5361,50.3167,5.1833
Hamois,5362,50.3419,5.157
Hamois,5363,50.3419,5.157
Hamois,5364,50.3419,5.157
Havelange Flostoy,5370,50.3833,5.1833
Havelange,5372,50.3833,5.2333
Havelange,5374,50.3833,5.2333
Havelange,5376,50.3833,5.2333
Somme-Leuze,5377,50.3333,5.3667
Fernelmont Noville-les-Bois,5380,50.5438,4.9792
Dinant Bouvignes-sur-Meuse,5500,50.2306,4.9139
Dinant Lisogne,5501,50.2809,4.9708
Dinant Thynes,5502,50.2794,4.9851
Dinant Sorinnes,5503,50.2667,4.9833
Dinant Foy-Notre-Dame,5504,50.2667,4.9167
Onhaye Anthée,5520,50.25,4.75
Onhaye,5521,50.25,4.8333
Onhaye Falaën,5522,50.2833,4.8
Onhaye Sommière,5523,50.2833,4.85
Onhaye Gerin,5524,50.25,4.8167
Yvoir Mont,5530,50.3232,4.9331
Anhée Bioul,5537,50.3333,4.8
Hastière Hermeton-sur-Meuse,5540,50.2167,4.8444
Hastière Hastière-par-Delà,5541,50.2167,4.8333
Hastière,5542,50.2167,4.8333
Hastière,5543,50.2167,4.8333
Hastière,5544,50.2167,4.8333
Vresse-sur-Semois Alle,5550,49.9095,5.0262
Bièvre Baillamont,5555,49.9,5.0333
Houyet Mesnil-Eglise,5560,50.1667,4.9667
Houyet,5561,50.1833,5.0167
Houyet,5562,50.1833,5.0167
Houyet,5563,50.1833,5.0167
Houyet,5564,50.1833,5.0167
Beauraing Vonêche,5570,50.0614,4.9796
Beauraing,5571,50.1167,4.9667
Beauraing Focant,5572,50.1333,5.0333
Beauraing,5573,50.1167,4.9667
Beauraing Pondrôme,5574,50.1,5.0167
Gedinne,5575,49.9833,4.9333
Beauraing Froidfontaine,5576,50.1167,4.9667
Rochefort Mont-Gauthier,5580,50.2167,5.1333
Ciney,5590,50.2944,5.0978
Philippeville Merlemont,5600,50.1833,4.6167
Florennes Corenne,5620,50.25,4.6667
Florennes Hanzinne,5621,50.3167,4.5333
Cerfontaine Daussois,5630,50.2167,4.45
Mettet Biesme,5640,50.3333,4.6167
Mettet Furnaux,5641,50.3,4.7
Mettet Ermeton-sur-Biert,5644,50.3167,4.6667
Mettet Stave,5646,50.2833,4.6667
Walcourt Pry,5650,50.2667,4.4333
Walcourt Laneffe,5651,50.2667,4.4833
Couvin Brûly,5660,50.0429,4.4571
Viroinval Le Mesnil,5670,50.0333,4.6667
Doische Romerée,5680,50.1333,4.6833
Postcheque,1100,50.835,4.3647
SOC,1105,50.835,4.3647
F.B.A. (Forces Belges en Allemagne),4090,50.638,5.5978
