DEPTO DE ALTA VERAPAZ,16000,15.387,-90.1667
COBAN,16001,15.4833,-90.3667
SANTA CRUZ VERAPAZ,16002,15.3667,-90.4333
SAN CRISTOBAL VERAPAZ,16003,15.3833,-90.4
TACTIC,16004,15.3333,-90.3
TAMAHU,16005,15.3333,-90.1667
TUCURU,16006,15.3,-90.0667
PANZOS,16007,15.4,-89.6667
SENAHU,16008,15.4,-89.8333
SAN PEDRO CARCHA,16009,15.4833,-90.2667
SAN JUAN CHAMELCO,16010,15.4333,-90.3333
LANQUIN,16011,15.5667,-89.9667
CAHABON,16012,15.5667,-89.8167
CHISET,16013,15.5792,-89.9208
CHAHAL,16014,15.75,-89.5667
FRAY BARTOLOME DE LAS CASAS,16015,15.5792,-89.9208
LA TINTA (PANZOS),16016,15.5792,-89.9208
TELEMAN (PANZOS),16017,15.5792,-89.9208
PANCAJCHE (TUCURU),16018,15.5792,-89.9208
SEBOL (FRAY BARTOLOME),16019,15.5792,-89.9208
BOLONCO (FRAY BARTOLOME),16020,15.4462,-90.091
CAMPUR (SAN PEDRO CARCHA),16021,15.4462,-90.091
LAS CASAS,16022,15.4462,-90.091
SALACUIN,16023,15.4462,-90.091
EL ROSARIO,16024,15.4462,-90.091
LAS CONCHAS,16025,15.4462,-90.091
RAXRUHA (CHISEC),16026,15.4462,-90.091
DEPTO DE BAJA VERAPAZ,15000,15.0516,-90.4148
SALAMA,15001,15.1,-90.2667
SAN MIGUEL CHICAJ,15002,15.1,-90.4
RABINAL,15003,15.1,-90.45
CUBULCO,15004,15.1333,-90.5833
GRANADOS,15005,14.9136,-90.5228
EL CHOL,15006,14.9642,-90.4806
SAN JERONIMO,15007,15.05,-90.2
PERULHA,15008,15.0516,-90.4148
LOS AMATES (EL CHOL),15009,15.0516,-90.4148
LA CANOA (SALAMA),15010,15.0516,-90.4148
SALTAN (GRANADOS),15011,15.0516,-90.4148
SAN GABRIEL PANTZUY (SAN MIGUEL CHICAJ),15012,15.0516,-90.4148
DEPTO DE CHIMALTENANGO,04000,14.7156,-90.9328
CHIMALTENANGO,04001,14.6686,-90.8167
SAN JOSE POAQUIL,04002,14.8197,-90.9064
SAN MARTIN JILOTEPEQUE,04003,14.7878,-90.7925
COMALAPA,04004,14.7411,-90.8875
SANTA APOLONIA,04005,14.7914,-90.9708
TECPAN GUATEMALA,04006,14.7669,-90.9942
PATZUN,04007,14.6833,-91.0167
POCHUTA,04008,14.55,-91.0833
PATZICIA,04009,14.6317,-90.9269
SANTA CRUZ BALANYA,04010,14.6872,-90.915
ACATENANGO,04011,14.5519,-90.9422
YEPOCAPA,04012,14.5042,-90.9569
SAN ANDRES ITZAPA,04013,14.62,-90.8442
PARRAMOS,04014,14.6078,-90.8031
ZARAGOZA,04015,14.6544,-90.8894
EL TEJAR,04016,14.6478,-90.7928
DEPTO DE CHIQUIMULA,20000,14.7019,-89.4352
CHIQUIMULA,20001,14.8,-89.55
SAN JOSE LA ARADA,20002,14.7167,-89.5833
SAN JUAN ERMITA,20003,14.7667,-89.4333
JOCOTAN,20004,14.8167,-89.3833
CAMOTAN,20005,14.8167,-89.3667
OLOPA,20006,14.6833,-89.35
ESQUIPULAS,20007,14.5667,-89.35
CONCEPCION LAS MINAS,20008,14.5167,-89.45
QUETZALTEPEQUE,20009,14.6333,-89.45
SAN JACINTO,20010,14.6667,-89.5
IPALA,20011,14.6167,-89.6167
ANGUIATU (CONCEP. LAS MINAS ),20012,14.6875,-89.5333
EL AMATILLO (JOCOTAN),20013,14.6875,-89.5333
EL FLORIDO (CAMOTAN),20014,14.6875,-89.5333
SANTA ELENA (CHIQUIMULA),20015,14.7167,-89.5
VALDO HONDO (CHIQUIMULA),20016,14.6875,-89.5333
SAN ESTEBAN (CHIQUIMULA),20017,14.75,-89.5167
TIERRA COLORADA ( SAN JOSE LA ARADA),20018,14.6875,-89.5333
AGUA CALIENTE ( ESQUIPULAS),20019,14.6875,-89.5333
NUEVA ANGUIATU (CONCEP. LAS MINAS),20020,14.6974,-89.4654
DEPTO DE ESCUINTLA,05000,14.2088,-90.9754
ESCUINTLA,05001,14.305,-90.785
SANTA LUCIA COTZUMALGUAPA,05002,14.3333,-91.0167
LA DEMOCRACIA,05003,14.2308,-90.9472
SIQUINALA,05004,14.3061,-90.965
MASAGUA,05005,14.2031,-90.8481
TIQUISATE,05006,14.2833,-91.3667
LA GOMERA,05007,14.0833,-91.05
SAN JOSE,05009,13.9256,-90.8244
ITZAPA,05010,14.62,-90.8442
PALIN,05011,14.4056,-90.6983
SAN VICENTE PACAYA,05012,14.4161,-90.6392
NUEVA CONCEPCION,05013,14.2,-91.3
OBERO (MASAGUA),05014,14.4104,-90.8704
BRITO (GUANAGAZAPA),05015,14.4104,-90.8704
SANTA ANA MIXTAN (NUEVA CONCEPCION),05016,14.4104,-90.8704
EL NARANJO (MASAGUA),05017,14.4104,-90.8704
SAN ANDRES OSUMA (ESCUINTLA),05018,14.4104,-90.8704
CUYUTA (MASAGUA),05019,14.4104,-90.8704
EL PORVENIR TICANLU (TIQUISATE),05020,14.276,-90.9404
SIPACATE (LA GOMERA),05021,14.276,-90.9404
ZONA 1,01001,14.6328,-90.5199
ZONA 2,01002,14.6328,-90.5199
ZONA 3,01003,14.6328,-90.5199
ZONA 4,01004,14.6328,-90.5199
ZONA 5,01005,14.6328,-90.5199
ZONA 6,01006,14.6328,-90.5199
ZONA 7,01007,14.6328,-90.5199
ZONA 8,01008,14.6328,-90.5199
ZONA 9,01009,14.6328,-90.5199
ZONA 10,01010,14.6328,-90.5199
ZONA 11,01011,14.6328,-90.5199
ZONA 12,01012,14.6328,-90.5199
ZONA 13,01013,14.6328,-90.5199
ZONA 14,01014,14.6328,-90.5199
ZONA 15,01015,14.6328,-90.5199
ZONA 16,01016,14.6328,-90.5199
ZONA 17,01017,14.6328,-90.5199
ZONA 18,01018,14.6328,-90.5199
ZONA 19,01019,14.6328,-90.5199
ZONA 21,01021,14.6328,-90.5199
SANTA CATARINA PINULA,01051,14.5689,-90.4953
SAN JOSE PINULA,01052,14.5461,-90.4114
SAN JOSE DEL GOLFO,01053,14.7628,-90.3764
PALENCIA,01054,14.6647,-90.3586
CHINAUTLA,01055,14.7083,-90.4994
SAN PEDRO AYAMPUC,01056,14.7867,-90.4511
MIXCO,01057,14.6333,-90.6064
SAN PEDRO SACATEPEQUEZ,01058,14.6842,-90.6442
SAN JUAN SACATEPEQUEZ,01059,14.7189,-90.6442
SAN RAYMUNDO,01060,14.7647,-90.5956
CHUARRANCHO,01061,14.8217,-90.5086
FRAIJANES,01062,14.4653,-90.4408
AMATITLAN,01063,14.4875,-90.6153
VILLA NUEVA,01064,14.5269,-90.5875
VILLA CANALES,01065,14.4814,-90.5317
PETAPA,01066,14.5028,-90.5517
CANALITOS (ZONA 21),01067,14.5786,-90.5473
EL FISCAL (PALENCIA),01068,14.5786,-90.5473
BOCA DEL MONTE (VILLA CANALES),01069,14.5786,-90.5473
VUELTA GRANDE (SAN RAYMUNDO),01070,14.6328,-90.5199
TRAPICHE GRANDE (CHUARRANCHO),01071,14.6328,-90.5199
SANTA ELENA BARILLAS (VILLA CANALES),01072,14.6328,-90.5199
PUERTA PARADA (SANTA CATARINA PINULA),01073,14.6328,-90.5199
DEPTO DE EL PROGRESO,02000,14.8515,-90.1145
GUASTATOYA,02001,14.8539,-90.0647
MORAZAN,02002,14.9328,-90.1431
SAN AGUSTIN ACASAGUASTLAN,02003,14.95,-89.9667
SAN CRISTOBAL ACASAGUASTLAN,02004,14.9167,-89.8833
EL JICARO,02005,14.8667,-90.2667
SANSARE,02006,14.7472,-90.1125
SANARATE,02007,14.795,-90.1922
SAN ANTONIO LA PAZ,02008,14.7497,-90.2867
TULUMAJILLO (SAN AGUSTIN ACASAGUASTLAN),02009,14.8515,-90.1145
ESTACION JALAPA (SANSARE),02010,14.8515,-90.1145
TULUMAJE (SAN AGUSTIN ACASAGUASTLAN),02011,14.8515,-90.1145
ESTANCIA DE LA VIRGEN (SAN CRISTOBAL ACASAGUASTLAN),02012,14.8515,-90.1145
PASO DE LOS JALAPAS (EL JICARO),02013,14.8515,-90.1145
SANTA RITA (GUASTATOYA),02014,14.8515,-90.1145
EL RANCHO ( SAN AGUSTIN ACASAGUASTLAN),02015,14.8515,-90.1145
DEPTO DE HUEHUETENANGO,13000,15.5368,-91.6565
HUEHUETENANGO,13001,15.3197,-91.4708
CHIANTLA,13002,15.3547,-91.4583
MALACANCITO,13003,15.5368,-91.6565
CUILCO,13004,15.4,-91.9667
NENTON,13005,15.8,-91.75
SAN PEDRO NECTA,13006,15.5,-91.7667
JACALTENANGO,13007,15.6667,-91.7333
SOLOMA,13008,15.7167,-91.45
IXTAHUATAN,13009,15.5368,-91.6565
SANTA BARBARA,13010,15.3167,-91.6167
LA LIBERTAD,13011,15.5,-91.8333
LA DEMOCRACIA,13012,15.5739,-91.6113
SAN MIGUEL ACATAN,13013,15.7,-91.6167
SAN RAFAEL LA INDEPENDENCIA,13014,15.7167,-91.5333
TODOS SANTOS CUCHUMATAN,13015,15.5167,-91.6167
SAN JUAN ATITAN,13016,15.4333,-91.6333
SANTA EULALIA,13017,15.7331,-91.4569
SAN MATEO IXTATAN,13018,15.8319,-91.4781
COLOTENANGO,13019,15.4167,-91.7167
SAN SEBASTIAN HUEHUETENANGO,13020,15.3833,-91.5833
TECTITAN,13021,15.3333,-92.0333
CONCEPCION,13022,15.6167,-91.6833
SAN JUAN IXCOY,13023,15.5997,-91.4453
SAN ANTONIO HUISTA,13024,15.65,-91.7667
SAN SEBASTIAN COSTAN,13025,15.5033,-91.6136
BARILLAS,13026,15.8036,-91.3158
AGUACATAN,13027,15.3431,-91.3117
SAN RAFAEL PETZAL,13028,15.4167,-91.6667
SAN GASPAR IXCHIL,13029,15.3833,-91.7167
SANTIAGO CHIMALTENANGO,13030,15.4667,-91.7167
SANTA ANA HUISTA,13031,15.6833,-91.8167
GRACIAS A DIOS (NENTON),13032,15.4798,-91.6645
SAN LORENZO (HUEHUETENANGO),13033,15.2894,-91.4603
SAN MARTIN CUCHUMATAN (TODOS SANTOS CUCHUMATAN),13034,15.4798,-91.6645
SAN MARCOS HUISTA (JACALTENANGO),13035,15.4798,-91.6645
PETATAN (CONCEPCION),13036,15.4798,-91.6645
PAQUIX (CHIANTLA),13037,15.4798,-91.6645
MICHICOY (SAN PEDRO NECTA),13038,15.4798,-91.6645
SAN ANDRES HIUISTA (JACALTENANGO),13039,15.4798,-91.6645
CHALUM (LA LIBERTAD),13040,15.6167,-91.9833
LA MESILLA,13041,15.6167,-91.9833
DEPTO DE IZABAL,18000,15.5667,-88.9233
PUERTO BARRIOS,18001,15.7167,-88.6
LIVINGSTON,18002,15.8333,-88.75
EL ESTOR,18003,15.5333,-89.35
MORALES,18004,15.4833,-88.8167
LOS AMATES,18005,15.2667,-89.1
PLAYITAS (MORALES),18006,15.5667,-88.9233
EL RICO (LOS AMATES),18007,15.5667,-88.9233
CAYUGA (MORALES),18008,15.5667,-88.9233
QUIRIGUA (LOS AMATES),18009,15.5667,-88.9233
EL CINCHADO (PUERTO BARRIOS),18010,15.5667,-88.9233
LAS QUEBRADAS (MORALES),18011,15.5667,-88.9233
ENTRE RIOS (PUERTO BARRIOS),18012,15.5667,-88.9233
SANTO TOMAS DE CASTILLA (PUERTO BARRIOS),18013,15.5667,-88.9233
EL MITCHAL (MORALES),18014,15.5667,-88.9233
LAS VINAS (MORALES),18015,15.5667,-88.9233
EL REFUGIO (LOS AMATES),18016,15.5667,-88.9233
SANTA INES (LOS AMATES),18017,15.5667,-88.9233
TENEDORES (MORALES),18018,15.5667,-88.9233
SAN FELIPE (LIVINGSTON),18019,15.5667,-88.9233
BANANERA (MORALES),18020,15.5667,-88.9233
FRONTERAS (LIVINGSTON),18021,15.5667,-88.9233
MARISCOS (LOS AMATES),18022,15.5667,-88.9233
BUENOS AIRES (MORALES),18023,15.5667,-88.9233
DEPTO DE JALAPA,21000,14.583,-89.8896
JALAPA,21001,14.6333,-89.9833
SAN PEDRO PINULA,21002,14.6667,-89.85
SAN LUIS JILOTEPEQUE,21003,14.65,-89.7333
SAN MANUEL CHAPARRON,21004,14.5167,-89.7667
SAN CARLOS ALZATATE,21005,14.4978,-90.0603
MONJAS,21006,14.5,-89.8667
MATATESCUINTLA,21007,14.583,-89.8896
LLANO GRANDE,21008,14.6167,-89.9667
DEPTO DE JUTIAPA,22000,14.3069,-89.7775
JUTIAPA,22001,14.2833,-89.9
EL PROGRESO,22002,14.35,-89.85
SANTA CATARINA MITA,22003,14.45,-89.75
AGUA BLANCA,22004,14.5,-89.65
ASUNCION MITA,22005,14.3308,-89.7108
YUPILTEPEQUE,22006,14.2,-89.7833
ATESCATEMPA,22007,14.1744,-89.7425
JERES,22008,14.3069,-89.7775
EL ADELANTO,22009,14.1667,-89.8333
ZAPOTITLAN,22010,14.1333,-89.8333
COMAPA,22011,14.1167,-89.9167
JALPATAGUA,22012,14.1417,-90.0086
CONGUANCO,22013,14.1347,-90.0304
MOYUTA,22014,14.0386,-90.0808
PASACO,22015,13.9772,-90.2064
SAN JOSE ACATEMPA,22016,14.2653,-90.1269
QUESADA,22017,14.2703,-90.0403
CIUDAD PEDRO DE ALVARADO (MOYUTA),22018,14.1347,-90.0304
SAN CRSITOBAL FRONTERA (ATESCATEMPA),22019,14.1347,-90.0304
VALLE NUEVO JALPATAGUA,22020,14.2333,-89.9667
RIO DE PAZ,22021,14.2333,-89.9667
HORCONES (STA. CAT. MITA),22022,14.2333,-89.9667
EL OVEJERO (EL PROGRESO),22023,14.2333,-89.9667
CONTEPEQUE (ATESCATEMPA),22024,14.2333,-89.9667
LA ESMERALDA (JEREZ),22025,14.2333,-89.9667
HORCONES (ATESCATEMPA),22026,14.2333,-89.9667
TIUCAL (ASUNCION MITA),22027,14.2333,-89.9667
DEPTO DE PETEN,17000,16.7663,-89.8155
FLORES,17001,16.9333,-89.8833
SAN JOSE,17002,16.9833,-89.9
SAN BENITO,17003,16.9167,-89.9
SAN ANDRES,17004,16.9667,-89.9167
LA LIBERTAD,17005,16.7833,-90.1167
SAN FRANCISCO,17006,16.8,-89.9333
SANTA ANA,17007,16.8,-89.8333
DOLORES,17008,16.5142,-89.4158
SAN LUIS,17009,16.1989,-89.4403
SAYAXCHE,17010,16.7663,-89.8155
MELCHOR DE MENCOS,17011,16.7663,-89.8155
POPTUN,17012,16.7663,-89.8155
TIKAL (FLORES),17013,16.7663,-89.8155
DOS LAGUNAS (FLORES),17014,16.7663,-89.8155
SANTO TORIBIO (DOLORES),17015,16.7663,-89.8155
PASO CABALLOS (SAN ANDRES),17016,16.7663,-89.8155
UAXACTUN (FLORES),17017,16.7663,-89.8155
CARMELITA (SAN ANDRES),17018,16.7663,-89.8155
MACHAQUILA (DOLORES),17019,16.7663,-89.8155
EL CHAL ( DOLORES ),17020,16.7663,-89.8155
MACANCHE (DOLORES),17021,16.7663,-89.8155
EL REMATE (FLORES),17022,16.7663,-89.8155
LA FELICIDAD (SAYAXCHE),17023,16.7663,-89.8155
EL NARANJO (LA LIBERTAD),17024,16.7663,-89.8155
SACPUY (SAN ANDRES),17025,16.7663,-89.8155
PAXCAMAN (FLORES),17026,16.7663,-89.8155
LAS CRUCES (LA LIBERTAD),17027,16.7663,-89.8155
SABANETA (DOLORES),17028,16.7663,-89.8155
SANTA ELENA,17029,16.7663,-89.8155
DEPTO DE QUETZALTENANGO,09000,14.9375,-91.5625
QUETZALTENANGO,09001,14.8333,-91.5167
SALCAJA,09002,14.8833,-91.45
OLINTEPEQUE,09003,14.8833,-91.5167
SAN CARLOS SIJA,09004,14.9833,-91.55
SIBILIA,09005,15.0,-91.6167
CABRICAN,09006,15.1333,-91.6167
CAJOLA,09007,14.9167,-91.6167
SAN MIGUEL SIQUINALA,09008,14.9375,-91.5625
OSTUNCALCO,09009,14.8667,-91.6167
SAN MATEO,09010,14.8667,-91.5833
CONCEPCION CHIQUIRICHAPA,09011,14.85,-91.6167
SAN MARTIN SACATEPEQUEZ,09012,14.8167,-91.65
ALMOLONGA,09013,14.8167,-91.5
CANTEL,09014,14.8167,-91.45
HUITAN,09015,15.1,-91.6167
ZUNIL,09016,14.7833,-91.4833
COLOMBA,09017,14.7167,-91.7333
SAN FRANCISCO LA UNION,09018,14.9167,-91.5333
EL PALMAR,09019,14.65,-91.5833
COATEPEQUE,09020,14.7,-91.8667
GENOVA,09021,14.6167,-91.8333
FLORES COSTA CUCA,09022,14.65,-91.8167
LA ESPERANZA,09023,14.8833,-91.6833
PALESTINA DE LOS ALTOS,09024,14.9333,-91.7
SANTA MARIA DE JESUS (ZUNIL),09025,14.7778,-91.7306
CHIQUIBAL (SAN CARLOS SIJA),09026,14.7778,-91.7306
LAS PALMAS (COATEPEQUE),09027,14.7778,-91.7306
CUICALBA (SIBILIA),09028,14.7778,-91.7306
SAN JOSE CHIQUILAJA (QUETZALTENANGO),09029,14.8833,-91.4833
EL EDEN (PALESTINA DE LOS ALTOS),09030,14.8542,-91.6097
CHUATUJ (SAN CARLOS SIJA),09031,14.8542,-91.6097
EL TAMBOR (EL PALMAR),09032,14.8542,-91.6097
LAS MERCEDES (COLOMBA),09033,14.8542,-91.6097
PALMIRA (COLOMBA),09034,14.8542,-91.6097
DEPTO DEL QUICHE,14000,15.0926,-91.1044
SANTA CRUZ DEL QUICHE,14001,15.0306,-91.1489
QUICHE,14002,15.0926,-91.1044
CHINISQUE,14003,15.0926,-91.1044
ZACUALPA,14004,15.0833,-90.8333
CHAJUL,14005,15.4853,-91.0342
CHICHICASTENANGO,14006,14.9333,-91.1167
PATZITE,14007,14.9667,-91.2167
SAN ANTONIO ILOTENANGO,14008,15.0547,-91.2297
SAN PEDRO JOCOPILAS,14009,15.0944,-91.1514
CUNEN,14010,15.3375,-91.0269
SAN JUAN COTZAL,14011,15.4342,-91.0342
JOYABAJ,14012,14.995,-90.8061
NEBAJ,14013,15.4058,-91.1461
SAN ANDRES SAJCABAJA,14014,15.2167,-90.9167
USPANTAN,14015,15.3833,-90.8333
SACAPULAS,14016,15.2867,-91.0872
SAN BARTOLOME JOCOTENANGO,14017,15.1928,-91.0772
CANILLA,14018,15.1667,-90.85
PLAYA GRANDE (IXCAN),14019,15.2687,-90.9753
CHICAMAN,14020,15.4,-90.7667
SANTA ROSA CHUJUYUB (SANTA CRUZ DEL QUICHE),14021,15.2583,-90.5833
PACHALUM,14022,15.1167,-90.4
CANTABAL,14023,15.2583,-90.5833
SAN JOSE LA 20 (USPANTAN-IXCAN),14024,15.2583,-90.5833
XACBAL,14025,15.2583,-90.5833
DEPTO DE RETALHULEU,11000,14.5519,-91.6759
RETALHULEU,11001,14.5333,-91.6833
SAN SEBASTIAN,11002,14.5667,-91.65
SANTA CRUZ MULUA,11003,14.5833,-91.6167
SAN MARTIN ZAPOTITLAN,11004,14.6,-91.6
SAN FELIPE,11005,14.6167,-91.6
SAN ANDRES VILLA SECA,11006,14.5667,-91.5833
CHAMPERICO,11007,14.3,-91.9167
NUEVO SAN CARLOS,11008,14.6,-91.7
EL ASINTAL,11009,14.6,-91.7333
CABALLO BLANCO (RETALHULEU),11010,14.4833,-91.8333
CANDELARIA XOLHUITZ (NUEVO SAN CARLOS),11011,14.4833,-91.8333
SINAVBA (EL ASINTAL),11012,14.4833,-91.8333
EL XAB (EL ASINTAL),11013,14.4833,-91.8333
LA MAQUINA (SAN ANDRES VILLA SECA),11014,14.4833,-91.8333
DEPTO DE SACATEPEQUEZ,03000,14.6101,-90.7063
ANTIGUA GUATEMALA,03001,14.5611,-90.7344
JOCOTENANGO,03002,14.5819,-90.7436
PASTORES,03003,14.5967,-90.7547
SUMPANGO,03004,14.6464,-90.7339
SANTO DOMINGO XENACOJ,03005,14.6778,-90.6978
SANTIAGO SACATEPEQUEZ,03006,14.6353,-90.6764
SAN BARTOLOME MILPAS ALTAS,03007,14.6061,-90.68
SAN LUCAS SACATEPEQUEZ,03008,14.6097,-90.6569
SANTA LUCIA MILPAS ALTAS,03009,14.5758,-90.6786
MAGDALENA MILPAS ALTAS,03010,14.5453,-90.6753
SANTA MARIA DE JESUS,03011,14.5183,-90.7267
CIUDAD VIEJA,03012,14.5264,-90.7597
SAN MIGUEL DUENAS,03013,14.5239,-90.7983
ALOTENANGO,03014,14.4803,-90.8075
SAN ANTONIO AGUAS CALIENTES,03015,14.5397,-90.7694
SANTA CATARINA BARAHONA,03016,14.5489,-90.7883
SANTA MARIA CAUQUE (SANTIAGO SACATEPEQUEZ),03017,14.5261,-90.7608
DEPTO DE SAN MARCOS,12000,15.0896,-91.8521
SAN MARCOS,12001,14.9667,-91.8
SAN PEDRO SACATEPEQUEZ,12002,14.9667,-91.7667
SAN ANTONIO SACATEPEQUEZ,12003,14.9667,-91.7333
COMITANCILLO,12004,15.0833,-91.7167
SAN MIGUEL IXTAGUACAN,12005,15.0896,-91.8521
CONCEPCION TUTUAPA,12006,15.2833,-91.7833
TACANA,12007,15.2333,-92.0833
SIBINAL,12008,15.1333,-92.05
TAJUMULCO,12009,15.0833,-91.8833
TEJUTLA,12010,15.1167,-91.8
SAN RAFAEL PIE DE LA CUESTA,12011,14.9333,-91.9167
NUEVO PROGRESO,12012,14.8,-91.9167
EL TUMBADOR,12013,14.8667,-91.9333
EL RODEO,12014,14.9167,-91.9667
MALACATAN,12015,14.9,-92.05
CATARINA,12016,14.85,-92.0833
TECUN UMAN,12017,14.6667,-92.15
OCOS,12018,14.5094,-92.1933
SAN PABLO,12019,14.9333,-92.0
EL QUETZAL,12020,14.7667,-91.8167
LA REFORMA,12021,14.8,-91.8167
PAJAPITA,12022,14.7167,-92.0333
IXCHIGUAN,12023,15.2,-91.8833
SAN JOSE OJETEPAN,12024,14.9229,-91.8208
SAN CRISTOBAL CUCHO,12025,14.9,-91.7833
SIPACANA,12026,14.9229,-91.8208
ESQUIPULAS PALO GORDO,12027,14.9333,-91.8167
RIO BLANCO,12028,15.0333,-91.6833
SAN LORENZO,12029,15.0333,-91.7333
EL CARMEN (MALACATAN),12030,15.05,-91.8167
ZANJON SAN LORENZO (TECUN UMAN),12031,15.05,-91.8167
SAN JERONIMO (EL TUMBADOR),12032,15.05,-91.8167
SERCHIL ( SAN MARCOS),12033,15.0333,-91.8
LA DEMOCRACIA (EL TUMBADOR),12034,15.05,-91.8167
SAN FRANCISCO ( EL RODEO),12035,15.05,-91.8167
EL AMPARO (EL TUMBADOR),12036,15.05,-91.8167
SAN SEBASTIAN (SAN MARCOS),12037,15.0667,-91.8333
LOS LIMINES (OCOS),12038,15.05,-91.8167
LA BLANCA (OCOS),12039,15.05,-91.8167
EL CIELO (EL TUMBADOR),12040,14.9533,-91.8938
SAN JOSE IXTAL (NUEVO PROGRESO),12041,14.9533,-91.8938
PLATANARES (OCOS),12042,14.9533,-91.8938
LAS DELICIAS (EL TUMBADOR),12043,14.9533,-91.8938
CALAPTE (IXCHIGUAN),12044,14.9533,-91.8938
TOCAHE(SAN PABLO),12045,14.9533,-91.8938
LA CONQUISTA (NUEVO PROGRESO),12046,14.9533,-91.8938
CHAMPOLLAP (SAN PEDRO SACATEPEQUEZ),12047,14.9533,-91.8938
PIEDRA GRANDE (SAN PEDRO SACATEPEQUEZ,12048,14.9533,-91.8938
SANTA LUCIA IXCAMAL (SAN MARCOS),12049,14.9533,-91.8938
EL SITIO (CATARINA ),12050,14.9533,-91.8938
DEPTO DE SANTA ROSA,06000,14.2605,-90.2946
CUILAPA,06001,14.2764,-90.3003
BARBERENA,06002,14.3094,-90.3611
SANTA ROSA DE LIMA,06003,14.3881,-90.2956
CASILLAS,06004,14.4222,-90.2442
SAN RAFAEL LAS FLORES,06005,14.4814,-90.1733
ORATORIO,06006,14.2281,-90.1758
SAN JUAN TECUACO,06007,14.0822,-90.2611
CHIQUIMULILLA,06008,14.0858,-90.3767
TAXISCO,06009,14.0708,-90.4631
SANTA MARIA IXHUATAN,06010,14.19,-90.2747
GUAZACAPAN,06011,14.0742,-90.4167
SANTA CRUZ NARANJO,06012,14.3881,-90.3697
PUEBLO NUEVO VINAS,06013,14.2258,-90.4742
NUEVA SANTA ROSA,06014,14.3811,-90.2761
EL AHUMADO (CHIQUIMULILLA),06015,14.2518,-90.3623
LOS CERRITOS (CHIQUIMULILLA),06016,14.2518,-90.3623
CASAS VIEJAS (CHIQUIMULILLA),06017,14.2518,-90.3623
AYARZA (CASILLAS),06018,14.2518,-90.3623
EL MOLINO (CUILAPA),06019,14.2518,-90.3623
NANCINTA (CHIQUIMULILLA),06020,14.2574,-90.3188
SAN MIGUEL AROCHE (CHIQUIMULILLA),06021,14.2574,-90.3188
LOS ESCLAVOS (CUILAPA),06022,14.2574,-90.3188
EL SERINAL (BARBERENA),06023,14.2574,-90.3188
MONTERICO (TAXISCO),06024,14.2574,-90.3188
SAN JUAN DE ARANA (CUILAPA),06025,14.2574,-90.3188
EL RINCONCITO (SANTA ROSA DE LIMA),06026,14.2574,-90.3188
CERRO GORDO (SANTA ROSA DE LIMA),06027,14.2574,-90.3188
DEPTO DE SOLOLA,07000,14.7708,-91.2646
SOLOLA,07001,14.7667,-91.1833
SAN JOSE CHACAYA,07002,14.7667,-91.2167
SANTA MARIA VISITACION,07003,14.7167,-91.3167
SANTA LUCIA UTATLAN,07004,14.7667,-91.2667
NAHUALA,07005,14.85,-91.3167
SANTA CATARINA IXTAHUACAN,07006,14.8,-91.3667
SANTA CLARA LA LAGUNA,07007,14.7167,-91.3
CONCEPCION,07008,14.7833,-91.15
SAN ANDRES SEMETATABAJ,07009,14.7708,-91.2646
PANAJACHEL,07010,14.7333,-91.15
SANTA CATARINA PALOPO,07011,14.7167,-91.1333
SAN ANTONIO PALOPO,07012,14.7,-91.1167
SAN LUCAS TOLIMAN,07013,14.6333,-91.1333
SANTA CRUZ LA LAGUNA,07014,14.75,-91.2167
SAN PABLO LA LAGUNA,07015,14.7167,-91.2667
SAN MARCOS LA LAGUNA,07016,14.7167,-91.2667
SAN JUAN LA LAGUNA,07017,14.7,-91.2833
SAN PEDRO LA LAGUNA,07018,14.6833,-91.2667
SANTIAGO ATITLAN,07019,14.6382,-91.229
LOS ENCUENTROS SOLOLA,07020,14.85,-91.15
GODINEZ (SAN ANDRES SEMETABAJ),07021,14.8444,-91.1889
AGUA ESCONDIDA ( SAN ANTONIO PALOPO),07022,14.8444,-91.1889
ARGUETA (SOLOLA),07023,14.8167,-91.2333
PIXABAJ (SOLOLA),07024,14.8667,-91.1833
DEPTO DE SUCHITEPEQUEZ,10000,14.5208,-91.4875
MAZATENANGO,10001,14.5333,-91.5
CUYOTENANGO,10002,14.5333,-91.5667
SAN FRANCISCO ZAPOTITLAN,10003,14.5833,-91.5167
SAN BERNARDINO,10004,14.5333,-91.45
SAN JOSE EL IDOLO,10005,14.45,-91.4167
SANTO DOMINGO SUCHITEPEQUEZ,10006,14.4667,-91.4833
SAN LORENZO,10007,14.4833,-91.5167
SAMAYAO,10008,14.5208,-91.4875
SAN PABLO JOCOPILAS,10009,14.5833,-91.45
SAN ANTONIO SUCHITEPEQUEZ,10010,14.5333,-91.4167
SAN MIGUEL PANAN,10011,14.5333,-91.3667
SAN GABRIEL,10012,14.5167,-91.5167
CHICACAO,10013,14.5333,-91.3167
PATULUL,10014,14.4167,-91.1667
SANTA BARBARA,10015,14.4333,-91.2333
SAN JUAN BAUTISTA,10016,14.4167,-91.1833
SANTO TOMAS LA UNION,10017,14.6333,-91.3833
ZUNULITO,10018,14.4778,-91.3278
PUEBLO NUEVO,10019,14.2833,-91.3667
RIO BRAVO,10020,14.4,-91.3167
COCALES (PATULUL),10021,14.4,-91.3167
CHOCOLA (SAN PABLO JOCOPILAS),10022,14.4,-91.3167
TAHUEXCO (MAZATENANGO),10023,14.4,-91.3167
GUATALON (RIO BRAVO),10024,14.4,-91.3167
PALO GORDO (SAN ANTONIO SUCHITEPEQUEZ),10025,14.4,-91.3167
SAN RAFAEL PANAN (SANTA BARBARA),10026,14.4,-91.3167
BRACITOS (MAZATENANGO),10027,14.4,-91.3167
BOLIVIA (SANTO DOMINGO SUCHITEPEQUEZ),10028,14.4,-91.3167
MONTERREY (SANTO DOMINGO SUCHITEPEQUEZ),10029,14.4,-91.3167
LA MAQUINA (CUYOTENANGO),10030,14.4926,-91.3981
DEPTO DE TOTONICAPAN,08000,14.9962,-91.3953
TOTONICAPAN,08001,14.9167,-91.3667
SAN CRISTOBAL TOTONICAPAN,08002,14.9167,-91.4333
SAN FRANCISCO EL ALTO,08003,14.95,-91.45
SAN ANDRES XECUL,08004,14.9,-91.4833
MOMOSTENANGO,08005,15.0436,-91.4086
SANTA MARIA CHIQUIMULA,08006,15.0303,-91.3292
SANTA LUCIA LA REFORMA,08007,15.1283,-91.2356
SAN BARTOLO,08008,15.0844,-91.4558
DEPTO DE ZACAPA,19000,14.9759,-89.6019
ZACAPA,19001,14.9667,-89.5333
ESTANZUELA,19002,15.0,-89.5667
RIO HONDO,19003,15.0667,-89.5833
GUALAN,19004,15.1333,-89.3667
TECULUTAN,19005,14.9833,-89.7167
USUMATLAN,19006,14.95,-89.7833
CABANAS,19007,14.9333,-89.8
SAN DIEGO,19008,14.7833,-89.7833
LA UNION,19009,14.9667,-89.2833
HUITE,19010,14.9333,-89.7167
LA REFORMA (HUITE),19011,14.95,-89.6028
SAN JOSE (TECULUTAN),19012,14.95,-89.6028
SAN JORGE (ZACAPA),19013,14.9333,-89.5833
SANTA ROSALIA (ZACAPA),19014,14.95,-89.6028
SANTA LUCIA (ZACAPA),19015,14.9167,-89.5167
LA FRAGUA (ZACAPA),19016,14.9667,-89.55
SAN PABLO (ZACAPA),19017,15.05,-89.5
SAN VICENTE,19018,14.9,-89.75
