JP,100,Chiyoda,Toukyouto,,Chiyodaku,,,,35.6845,139.7559,
JP,101,Hitotsubashi(2choume),Toukyouto,,Chiyodaku,,,,35.6941,139.7572,
JP,102,Fujimi,Toukyouto,,Chiyodaku,,,,35.6986,139.7452,
JP,103,Nihonbashikodenmachou,Toukyouto,,Chuuouku,,,,35.6916,139.779,
JP,104,Yaesu(2choume),Toukyouto,,Chuuouku,,,,35.678,139.7685,
JP,105,Toranomon(Tsuginobiruwonozoku),Toukyouto,,Minatoku,,,,35.6668,139.7474,
JP,106,Nishiazabu,Toukyouto,,Minatoku,,,,35.6598,139.7237,
JP,107,Motoakasaka,Toukyouto,,Minatoku,,,,35.6778,139.7331,
JP,108,Kaigan(3choume),Toukyouto,,Minatoku,,,,35.6415,139.7558,
JP,110,Yanaka,Toukyouto,,Taitouku,,,,35.7248,139.7665,
JP,111,Nihondutsumi,Toukyouto,,Taitouku,,,,35.727,139.7976,
JP,112,Koishikawa,Toukyouto,,Bunkyouku,,,,35.7141,139.7463,
JP,113,Hakusan(1choume),Toukyouto,,Bunkyouku,,,,35.7184,139.7527,
JP,114,Higashijuujou,Toukyouto,,Kitaku,,,,35.7659,139.7286,
JP,115,Iwabuchimachi,Toukyouto,,Kitaku,,,,35.7846,139.7239,
JP,116,Machiya,Toukyouto,,Arakawaku,,,,35.7477,139.7821,
JP,120,Ooyata,Toukyouto,,Adachiku,,,,35.7805,139.8421,
JP,121,Shinmei,Toukyouto,,Adachiku,,,,35.7952,139.8342,
JP,123,Nishiarai,Toukyouto,,Adachiku,,,,35.7836,139.7776,
JP,124,Kosuge,Toukyouto,,Katsushikaku,,,,35.7554,139.8235,
JP,125,Nishimizumoto,Toukyouto,,Katsushikaku,,,,35.7875,139.8512,
JP,130,Adumabashi,Toukyouto,,Sumidaku,,,,35.7092,139.8026,
JP,131,Sumida,Toukyouto,,Sumidaku,,,,35.7321,139.8202,
JP,132,Niihori,Toukyouto,,Edogawaku,,,,35.7043,139.8891,
JP,133,Yagouchi(2choume),Toukyouto,,Edogawaku,,,,35.7008,139.9002,
JP,134,Edogawa(Sonota),Toukyouto,,Edogawaku,,,,35.682,139.891,
JP,135,Mouri,Toukyouto,,Koutouku,,,,35.6917,139.8149,
JP,136,Kameido,Toukyouto,,Koutouku,,,,35.699,139.8282,
JP,140,Higashishinagawa,Toukyouto,,Shinagawaku,,,,35.618,139.7476,
JP,141,Kamioosaki,Toukyouto,,Shinagawaku,,,,35.6341,139.7179,
JP,142,Togoshi,Toukyouto,,Shinagawaku,,,,35.612,139.7181,
JP,143,Toukai,Toukyouto,,Ootaku,,,,35.5832,139.763,
JP,144,Higashikamata,Toukyouto,,Ootaku,,,,35.5631,139.7284,
JP,145,Ishikawachou,Toukyouto,,Ootaku,,,,35.6003,139.6824,
JP,146,Nakaikegami,Toukyouto,,Ootaku,,,,35.5849,139.6992,
JP,150,Jinguumae,Toukyouto,,Shibuyaku,,,,35.6689,139.7078,
JP,151,Sendagaya,Toukyouto,,Shibuyaku,,,,35.6798,139.7064,
JP,152,Chuuouchou,Toukyouto,,Meguroku,,,,35.6303,139.6907,
JP,153,Komaba,Toukyouto,,Meguroku,,,,35.6581,139.6844,
JP,154,Ikejiri,Toukyouto,,Setagayaku,,,,35.6499,139.6801,
JP,155,Kitazawa,Toukyouto,,Setagayaku,,,,35.6644,139.6694,
JP,156,Oohara,Toukyouto,,Setagayaku,,,,35.6695,139.6621,
JP,157,Kitakarasuyama,Toukyouto,,Setagayaku,,,,35.6763,139.5971,
JP,158,Fukasawa,Toukyouto,,Setagayaku,,,,35.6202,139.6544,
JP,160,Katamachi,Toukyouto,,Shinjukuku,,,,35.6922,139.7249,
JP,161,Nishiochiai,Toukyouto,,Shinjukuku,,,,35.723,139.6793,
JP,162,Wasedatsurumakichou,Toukyouto,,Shinjukuku,,,,35.7082,139.725,
JP,163,Nishishinjukushinjukusenta^Biru(1kai),Toukyouto,,Shinjukuku,,,,35.6906,139.6975,
JP,164,Nakano,Toukyouto,,Nakanoku,,,,35.706,139.6682,
JP,165,Maruyama,Toukyouto,,Nakanoku,,,,35.7245,139.6535,
JP,166,Asagayakita,Toukyouto,,Suginamiku,,,,35.7096,139.6364,
JP,167,Igusa,Toukyouto,,Suginamiku,,,,35.7267,139.6173,
JP,168,Oomiya,Toukyouto,,Suginamiku,,,,35.6831,139.6419,
JP,169,Nishiwaseda(Sonota),Toukyouto,,Shinjukuku,,,,35.7104,139.7151,
JP,170,Nishisugamo,Toukyouto,,Toshimaku,,,,35.7402,139.7279,
JP,171,Nishiikebukuro,Toukyouto,,Toshimaku,,,,35.7299,139.7062,
JP,173,Honchou,Toukyouto,,Itabashiku,,,,35.7604,139.7082,
JP,174,Funado,Toukyouto,,Itabashiku,,,,35.7939,139.6858,
JP,175,Shingashi,Toukyouto,,Itabashiku,,,,35.796,139.6616,
JP,176,Nerima,Toukyouto,,Nerimaku,,,,35.7403,139.6522,
JP,177,Miharadai,Toukyouto,,Nerimaku,,,,35.7535,139.6035,
JP,178,Ooizumigakuenchou,Toukyouto,,Nerimaku,,,,35.7671,139.5873,
JP,179,Asahichou,Toukyouto,,Nerimaku,,,,35.7702,139.6254,
JP,180,Kichijoujikitamachi,Toukyouto,,Musashinoshi,,,,35.7128,139.5743,
JP,181,Inokashira,Toukyouto,,Mitakashi,,,,35.6937,139.5827,
JP,182,Midorigaoka,Toukyouto,,Choufushi,,,,35.6691,139.5826,
JP,183,Sengenchou,Toukyouto,,Fuchuushi,,,,35.683,139.4989,
JP,184,Sekinochou,Toukyouto,,Koganeishi,,,,35.7133,139.519,
JP,185,Kitamachi,Toukyouto,,Kokubunjishi,,,,35.7198,139.4522,
JP,186,Kita,Toukyouto,,Kunitachishi,,,,35.7003,139.4372,
JP,187,Oonumachou,Toukyouto,,Kodairashi,,,,35.7395,139.4981,
JP,188,Yatochou,Toukyouto,,Nishitoukyoushi,,,,35.7451,139.5443,
JP,189,Akitsuchou,Toukyouto,,Higashimurayamashi,,,,35.7759,139.4871,
JP,190,Wakabachou,Toukyouto,,Tachikawashi,,,,35.7189,139.44,
JP,191,Sakaemachi,Toukyouto,,Hinoshi,,,,35.6838,139.3894,
JP,192,Tobukimachi,Toukyouto,,Hachioujishi,,,,35.7079,139.2939,
JP,193,Kawaguchimachi,Toukyouto,,Hachioujishi,,,,35.691,139.2863,
JP,194,Tsukushino,Toukyouto,,Machidashi,,,,35.5256,139.4823,
JP,195,Shinkoujimachi,Toukyouto,,Machidashi,,,,35.602,139.4609,
JP,196,Mihorichou,Toukyouto,,Akishimashi,,,,35.7224,139.357,
JP,197,Yokotakichinai,Toukyouto,,Fussashi,,,,35.7469,139.341,
JP,198,Nariki,Toukyouto,,Oumeshi,,,,35.8306,139.2504,
JP,201,Nishinogawa,Toukyouto,,Komaeshi,,,,35.6471,139.5738,
JP,202,Hibarigaoka,Toukyouto,,Nishitoukyoushi,,,,35.7482,139.5394,
JP,203,Uenohara,Toukyouto,,Higashikurumeshi,,,,35.7712,139.5444,
JP,204,Shitajuku,Toukyouto,,Kiyoseshi,,,,35.7985,139.537,
JP,205,Ozakudai,Toukyouto,,Hamurashi,,,,35.7765,139.3007,
JP,206,Wada,Toukyouto,,Tamashi,,,,35.6424,139.4316,
JP,207,Tamako,Toukyouto,,Higashiyamatoshi,,,,35.7606,139.4292,
JP,208,Nakatou,Toukyouto,,Musashimurayamashi,,,,35.758,139.4019,
JP,210,Honchou,Kanagawaken,,Kawasakishikawasakiku,,,,35.5337,139.7041,
JP,211,Kamimarukohachimanchou,Kanagawaken,,Kawasakishinakaharaku,,,,35.5807,139.666,
JP,212,Komukaitoushibachou,Kanagawaken,,Kawasakishisaiwaiku,,,,35.5495,139.6912,
JP,213,Mizonokuchi,Kanagawaken,,Kawasakishitakatsuku,,,,35.6035,139.6133,
JP,214,Suge,Kanagawaken,,Kawasakishitamaku,,,,35.6352,139.5307,
JP,215,Hosoyama,Kanagawaken,,Kawasakishiasaoku,,,,35.6194,139.5147,
JP,216,Nogawa,Kanagawaken,,Kawasakishimiyamaeku,,,,35.5739,139.6085,
JP,220,Kitakaruizawa,Kanagawaken,,Yokohamashinishiku,,,,35.4705,139.61,
JP,221,Nishiterao,Kanagawaken,,Yokohamashikanagawaku,,,,35.499,139.6487,
JP,222,Tarumachi,Kanagawaken,,Yokohamashikouhokuku,,,,35.5294,139.6384,
JP,223,Minowachou,Kanagawaken,,Yokohamashikouhokuku,,,,35.5465,139.6446,
JP,224,Nakagawa,Kanagawaken,,Yokohamashitsudukiku,,,,35.5599,139.5687,
JP,225,Utsukushigaokanishi,Kanagawaken,,Yokohamashiaobaku,,,,35.5874,139.5328,
JP,226,Higashihongouchou,Kanagawaken,,Yokohamashimidoriku,,,,35.5129,139.5781,
JP,227,Jikechou,Kanagawaken,,Yokohamashiaobaku,,,,35.5692,139.5081,
JP,228,Sagamigaoka,Kanagawaken,,Zamashi,,,,35.5087,139.4227,
JP,229,Kamiyabe,Kanagawaken,,Sagamiharashi,,,,35.5839,139.3924,
JP,230,Yakou,Kanagawaken,,Yokohamashitsurumiku,,,,35.5342,139.6802,
JP,231,Shinkou,Kanagawaken,,Yokohamashinakaku,,,,35.454,139.6395,
JP,232,Fushimichou,Kanagawaken,,Yokohamashiminamiku,,,,35.4436,139.6139,
JP,233,Kamioookahigashi,Kanagawaken,,Yokohamashikounanku,,,,35.4066,139.6005,
JP,234,Hino,Kanagawaken,,Yokohamashikounanku,,,,35.3926,139.5804,
JP,235,Kamichou,Kanagawaken,,Yokohamashiisogoku,,,,35.4245,139.6251,
JP,236,Shouwamachi,Kanagawaken,,Yokohamashikanazawaku,,,,35.3805,139.6285,
JP,237,Natsushimachou,Kanagawaken,,Yokosukashi,,,,35.322,139.6436,
JP,238,Tomarichou,Kanagawaken,,Yokosukashi,,,,35.2481,139.6722,
JP,239,Maborikaigan,Kanagawaken,,Yokosukashi,,,,35.2621,139.7052,
JP,240,Kawabechou,Kanagawaken,,Yokohamashihodogayaku,,,,35.4598,139.5964,
JP,241,Kamishiranechou,Kanagawaken,,Yokohamashiasahiku,,,,35.4964,139.5334,
JP,242,Shimotsuruma,Kanagawaken,,Yamatoshi,,,,35.5012,139.4561,
JP,243,Higashichou,Kanagawaken,,Atsugishi,,,,35.4449,139.3692,
JP,244,Torigaoka,Kanagawaken,,Yokohamashitotsukaku,,,,35.4121,139.5236,
JP,245,Ikenoya,Kanagawaken,,Yokohamashiizumiku,,,,35.4471,139.5184,
JP,246,Oroshihonchou,Kanagawaken,,Yokohamashiseyaku,,,,35.4997,139.4862,
JP,247,Kosugayachou,Kanagawaken,,Yokohamashisakaeku,,,,35.3709,139.5501,
JP,248,Juuniso,Kanagawaken,,Kamakurashi,,,,35.321,139.5795,
JP,249,Hisagi,Kanagawaken,,Zushishi,,,,35.3058,139.5734,
JP,250,Ougichou,Kanagawaken,,Odawarashi,,,,35.2682,139.1586,
JP,251,Nishitomi,Kanagawaken,,Fujisawashi,,,,35.351,139.4867,
JP,252,Chougo,Kanagawaken,,Fujisawashi,,,,35.4184,139.4639,
JP,253,Akabane,Kanagawaken,,Chigasakishi,,,,35.3495,139.4263,
JP,254,Ooshima,Kanagawaken,,Hiratsukashi,,,,35.379,139.3431,
JP,255,Koma,Kanagawaken,,Nakagun'Ooisomachi,,,,35.3222,139.3269,
JP,256,Numashiro,Kanagawaken,,Odawarashi,,,,35.3067,139.2153,
JP,257,Tsurumakikita,Kanagawaken,,Hadanoshi,,,,35.3834,139.2783,
JP,258,Yadoriki,Kanagawaken,,Ashigarakamigunmatsudamachi,,,,35.3933,139.1352,
JP,259,Terasaka,Kanagawaken,,Nakagun'Ooisomachi,,,,35.3255,139.2875,
JP,260,Miyakochou,Chibaken,,Chibashichuuouku,,,,35.6128,140.1423,
JP,261,Saiwaichou,Chibaken,,Chibashimihamaku,,,,35.6177,140.0959,
JP,262,Yokodochou,Chibaken,,Chibashihanamigawaku,,,,35.7017,140.1189,
JP,263,Naganumaharachou,Chibaken,,Chibashiinageku,,,,35.6685,140.128,
JP,264,Kaneoyachou,Chibaken,,Chibashiwakabaku,,,,35.6183,140.2032,
JP,265,Tomitachou,Chibaken,,Chibashiwakabaku,,,,35.6033,140.2448,
JP,266,Higashiyamashinachou,Chibaken,,Chibashimidoriku,,,,35.5831,140.1898,
JP,267,Kamioowadachou,Chibaken,,Chibashimidoriku,,,,35.5529,140.279,
JP,270,Koude,Chibaken,,Matsudoshi,,,,35.8445,139.9268,
JP,271,Shichiuemonshinden,Chibaken,,Matsudoshi,,,,35.8268,139.8945,
JP,272,Futamata,Chibaken,,Ichikawashi,,,,35.703,139.9545,
JP,273,Ichiba,Chibaken,,Funabashishi,,,,35.7036,139.9973,
JP,274,Kurumagatachou,Chibaken,,Funabashishi,,,,35.7755,140.0822,
JP,275,Higashinarashino,Chibaken,,Narashinoshi,,,,35.6974,140.0735,
JP,276,Koike,Chibaken,,Yachiyoshi,,,,35.7776,140.0919,
JP,277,Yobatsukashinden,Chibaken,,Kashiwashi,,,,35.8737,139.9848,
JP,278,Mefuki,Chibaken,,Nodashi,,,,35.9678,139.8885,
JP,279,Toudaijima,Chibaken,,Urayasushi,,,,35.6686,139.8907,
JP,282,Tennami,Chibaken,,Naritashi,,,,35.7664,140.3746,
JP,283,Ienoko,Chibaken,,Touganeshi,,,,35.5907,140.3835,
JP,284,Dainichi,Chibaken,,Yotsukaidoushi,,,,35.6804,140.1583,
JP,285,Tsuchiuki,Chibaken,,Sakurashi,,,,35.7561,140.2101,
JP,286,Funakata,Chibaken,,Naritashi,,,,35.7851,140.2709,
JP,287,Kita,Chibaken,,Sawarashi,,,,35.8205,140.5307,
JP,288,Kawaguchichou,Chibaken,,Choushishi,,,,35.7395,140.8578,
JP,289,Ikanikeisaiganaibaai,Chibaken,,Katorigunkouzakimachi,,,,35.8978,140.406,
JP,290,Kusakari(Sonota),Chibaken,,Ichiharashi,,,,35.5292,140.1641,
JP,292,Ushigome,Chibaken,,Kisaradushi,,,,35.4385,139.9394,
JP,293,Oohori,Chibaken,,Futtsushi,,,,35.3332,139.8565,
JP,294,Takewara,Chibaken,,Tateyamashi,,,,35.0117,139.9218,
JP,296,Yokosuka,Chibaken,,Kamogawashi,,,,35.1064,140.1015,
JP,297,Nanawatari,Chibaken,,Mobarashi,,,,35.4629,140.3192,
JP,298,Wakayama,Chibaken,,Isumigun'Ooharamachi,,,,35.2646,140.3863,
JP,299,Aoyagikita,Chibaken,,Ichiharashi,,,,35.5113,140.0632,
JP,300,Imaizumi,Ibarakiken,,Tsuchiurashi,,,,36.1431,140.1892,
JP,301,Kubodai,Ibarakiken,,Ryuugasakishi,,,,35.9327,140.1788,
JP,302,Omonma,Ibarakiken,,Torideshi,,,,35.8861,140.1101,
JP,304,Hirakata,Ibarakiken,,Shimotsumashi,,,,36.2247,139.915,
JP,305,Kurihara,Ibarakiken,,Tsukubashi,,,,36.1251,140.1148,
JP,306,Shizukamachi,Ibarakiken,,Kogashi,,,,36.2088,139.7176,
JP,307,Yuuki,Ibarakiken,,Yuukishi,,,,36.2989,139.8744,
JP,308,Higuchi,Ibarakiken,,Shimodateshi,,,,36.3662,139.972,
JP,309,Oguri,Ibarakiken,,Makabegunkyouwamachi,,,,36.3601,140.0205,
JP,310,Kamigachichou,Ibarakiken,,Mitoshi,,,,36.4192,140.454,
JP,311,Ikanikeisaiganaibaai,Ibarakiken,,Nakagunnakamachi,,,,36.5017,140.4225,
JP,312,Sawa,Ibarakiken,,Hitachinakashi,,,,36.4469,140.5278,
JP,313,Kamiookadochou,Ibarakiken,,Hitachiootashi,,,,36.604,140.507,
JP,314,Shimizu,Ibarakiken,,Kashimashi,,,,36.0052,140.6456,
JP,315,Ishioka,Ibarakiken,,Ishiokashi,,,,36.1952,140.2866,
JP,316,Suwachou,Ibarakiken,,Hitachishi,,,,36.5679,140.6222,
JP,317,Namekawahonchou,Ibarakiken,,Hitachishi,,,,36.6202,140.6659,
JP,318,Akahama,Ibarakiken,,Takahagishi,,,,36.7416,140.7221,
JP,319,Kamigou,Ibarakiken,,Nishiibarakigun'Iwamamachi,,,,36.3798,140.2431,
JP,320,Yokoyamachou,Tochigiken,,Utsunomiyashi,,,,36.6202,139.8778,
JP,321,Esojimahonchou,Tochigiken,,Utsunomiyashi,,,,36.5316,139.8698,
JP,322,Tochikubo,Tochigiken,,Kanumashi,,,,36.5877,139.7837,
JP,323,Oyake,Tochigiken,,Oyamashi,,,,36.3643,139.7943,
JP,324,Otorezawa,Tochigiken,,Ootawarashi,,,,36.9106,140.0729,
JP,325,Takakukou(Sonota),Tochigiken,,Nasugunnasumachi,,,,37.0084,140.0506,
JP,326,Nagusakamichou,Tochigiken,,Ashikagashi,,,,36.4108,139.4668,
JP,327,Konakachou,Tochigiken,,Sanoshi,,,,36.3371,139.5552,
JP,328,Yanagiwaramachi,Tochigiken,,Tochigishi,,,,36.4151,139.7868,
JP,329,Ikanikeisaiganaibaai,Tochigiken,,Shimotsugagunnogimachi,,,,36.2332,139.7515,
JP,330,Misaki,Saitamaken,,Saitamashiurawaku,,,,35.8914,139.6596,
JP,331,Uchinohongou,Saitamaken,,Saitamashinishiku,,,,35.9345,139.5928,
JP,332,Asahi,Saitamaken,,Kawaguchishi,,,,35.8095,139.7393,
JP,333,Higashikawaguchi,Saitamaken,,Kawaguchishi,,,,35.879,139.7459,
JP,334,Sakurachou,Saitamaken,,Hatogayashi,,,,35.8387,139.7405,
JP,335,Kitamachi,Saitamaken,,Warabishi,,,,35.8299,139.6791,
JP,336,Daitakubo,Saitamaken,,Saitamashiminamiku,,,,35.8564,139.6775,
JP,337,Marugasaki,Saitamaken,,Saitamashiminumaku,,,,35.9576,139.6565,
JP,338,Kamiochiai,Saitamaken,,Saitamashichuuouku,,,,35.8943,139.6258,
JP,339,Kanamuro,Saitamaken,,Iwatsukishi,,,,35.9946,139.6992,
JP,340,Kakinokichou,Saitamaken,,Soukashi,,,,35.8645,139.8339,
JP,341,Hikoito,Saitamaken,,Misatoshi,,,,35.8582,139.8433,
JP,342,Kamiuchikawa,Saitamaken,,Yoshikawashi,,,,35.934,139.8449,
JP,343,Hirakataminamichou,Saitamaken,,Koshigayashi,,,,35.9428,139.7822,
JP,344,Fudouinno,Saitamaken,,Kasukabeshi,,,,36.0003,139.7661,
JP,345,Kiduuchi,Saitamaken,,Kitakatsushikagunsugitomachi,,,,36.0539,139.7894,
JP,346,Koguki,Saitamaken,,Kukishi,,,,36.0763,139.6785,
JP,347,Oogoe,Saitamaken,,Kazoshi,,,,36.1799,139.6194,
JP,348,Tsutsumi,Saitamaken,,Hanyuushi,,,,36.2036,139.59,
JP,349,Ikanikeisaiganaibaai,Saitamaken,,Hasudashi,,,,35.9812,139.6522,
JP,350,Furuyakami,Saitamaken,,Kawagoeshi,,,,35.9185,139.5265,
JP,351,Kamiuchimagi,Saitamaken,,Asakashi,,,,35.8255,139.61,
JP,352,Touhoku,Saitamaken,,Niizashi,,,,35.82,139.5732,
JP,353,Kamimuneoka,Saitamaken,,Shikishi,,,,35.8472,139.5823,
JP,354,Higashiookubo,Saitamaken,,Fujimishi,,,,35.8769,139.5517,
JP,355,Oka,Saitamaken,,Higashimatsuyamashi,,,,36.0909,139.4036,
JP,356,Nishi,Saitamaken,,Kamifukuokashi,,,,35.8609,139.5148,
JP,357,Miyazawa,Saitamaken,,Hannoushi,,,,35.876,139.3333,
JP,358,Kouyoudai,Saitamaken,,Irumashi,,,,35.8376,139.3949,
JP,359,Shimotomi,Saitamaken,,Tokorozawashi,,,,35.8315,139.4656,
JP,360,Kamichuujou,Saitamaken,,Kumagayashi,,,,36.1832,139.4084,
JP,361,Kitagawara,Saitamaken,,Gyoudashi,,,,36.1914,139.43,
JP,362,Kami,Saitamaken,,Ageoshi,,,,36.0001,139.5764,
JP,363,Kanou,Saitamaken,,Okegawashi,,,,36.0229,139.5633,
JP,364,Fukai,Saitamaken,,Kitamotoshi,,,,36.0488,139.5273,
JP,365,Akagidai,Saitamaken,,Kitasaitamagunkawasatomachi,,,,36.0628,139.5106,
JP,366,Nakaze,Saitamaken,,Fukayashi,,,,36.2405,139.2782,
JP,367,Shimonitsute,Saitamaken,,Honjoushi,,,,36.2502,139.2207,
JP,368,Kuroya,Saitamaken,,Chichibushi,,,,36.0405,139.1064,
JP,369,Tsuda,Saitamaken,,Oosatogun'Oosatomachi,,,,36.1539,139.3768,
JP,370,Nakaomachi,Gunmaken,,Takasakishi,,,,36.3705,139.0281,
JP,371,Ogikubomachi,Gunmaken,,Maebashishi,,,,36.4141,139.1319,
JP,372,Hashiechou,Gunmaken,,Isesakishi,,,,36.3484,139.1867,
JP,373,Nishinagaokachou,Gunmaken,,Ootashi,,,,36.3478,139.3304,
JP,374,Ooshimachou,Gunmaken,,Tatebayashishi,,,,36.2625,139.5815,
JP,375,Nakajima,Gunmaken,,Fujiokashi,,,,36.2873,139.0788,
JP,376,Hishimachi,Gunmaken,,Kiryuushi,,,,36.4145,139.3598,
JP,377,Nakamura,Gunmaken,,Shibukawashi,,,,36.4816,139.0148,
JP,378,Togamimachi,Gunmaken,,Numatashi,,,,36.6743,139.0532,
JP,379,Ikanikeisaiganaibaai,Gunmaken,,Annakashi,,,,36.3272,138.8754,
JP,380,Hakoshimizu,Naganoken,,Naganoshi,,,,36.6651,138.1881,
JP,381,Akanuma,Naganoken,,Naganoshi,,,,36.6991,138.276,
JP,382,Matsukawamachi,Naganoken,,Suzakashi,,,,36.648,138.3085,
JP,383,Iwai,Naganoken,,Nakanoshi,,,,36.8274,138.3651,
JP,384,Kobara,Naganoken,,Komoroshi,,,,36.3119,138.4285,
JP,385,Yokone,Naganoken,,Sakushi,,,,36.2903,138.497,
JP,386,Ueda,Naganoken,,Uedashi,,,,36.4132,138.264,
JP,387,Amenomiya,Naganoken,,Chikumashi,,,,36.5478,138.1462,
JP,388,Higashisainami,Naganoken,,Naganoshi,,,,36.5854,138.1804,
JP,389,Ikanikeisaiganaibaai,Naganoken,,Kitasakugunkaruizawamachi,,,,36.3692,138.6568,
JP,390,Satoyamabe,Naganoken,,Matsumotoshi,,,,36.2369,137.9983,
JP,391,Chino,Naganoken,,Chinoshi,,,,35.9994,138.1459,
JP,392,Owa,Naganoken,,Suwashi,,,,36.057,138.1151,
JP,393,Toyohashi,Naganoken,,Suwagunshimosuwamachi,,,,36.1216,138.1049,
JP,394,Imai,Naganoken,,Okayashi,,,,36.0845,138.0435,
JP,395,Zakouji,Naganoken,,Iidashi,,,,35.5328,137.8578,
JP,396,Fukujima,Naganoken,,Inashi,,,,35.8722,137.9901,
JP,397,Kisofukushimamachinotsuginibanchigakurubaai,Naganoken,,Kisogunkisofukushimamachi,,,,35.857,137.6246,
JP,398,Taira,Naganoken,,Oomachishi,,,,36.5418,137.8314,
JP,399,Miyata,Naganoken,,Matsumotoshi,,,,36.2065,137.9587,
JP,400,Wadamachi,Yamanashiken,,Koufushi,,,,35.6862,138.5627,
JP,401,Nigiokamachihatagura,Yamanashiken,,Ootsukishi,,,,35.6298,138.9475,
JP,402,Tanokura,Yamanashiken,,Tsurushi,,,,35.5948,138.9322,
JP,403,Kamikurechi,Yamanashiken,,Fujiyoshidashi,,,,35.5141,138.8302,
JP,404,Yanagidaira,Yamanashiken,,Higashiyamanashigunmakiokachou,,,,35.8125,138.6559,
JP,405,Nishi,Yamanashiken,,Yamanashishi,,,,35.7205,138.6962,
JP,406,Shimoiwashita,Yamanashiken,,Higashiyamanashigunkasugaichou,,,,35.6772,138.6549,
JP,407,Fujiimachikomai,Yamanashiken,,Nirasakishi,,,,35.733,138.444,
JP,408,Murayamakitawari,Yamanashiken,,Kitakomaguntakanechou,,,,35.8429,138.4162,
JP,409,Ikanikeisaiganaibaai,Yamanashiken,,Kitatsurugun'Uenoharamachi,,,,35.6206,139.104,
JP,410,Ashitaka,Shizuokaken,,Numadushi,,,,35.1536,138.8585,
JP,411,Yamanakashinden,Shizuokaken,,Mishimashi,,,,35.1589,138.9947,
JP,412,Midono,Shizuokaken,,Gotenbashi,,,,35.339,138.8914,
JP,413,Izumi,Shizuokaken,,Atamishi,,,,35.1402,139.0804,
JP,414,Usami,Shizuokaken,,Itoushi,,,,35.0071,139.0791,
JP,415,Kouchi,Shizuokaken,,Shimodashi,,,,34.7039,138.9412,
JP,416,Iwamoto,Shizuokaken,,Fujishi,,,,35.1759,138.6347,
JP,417,Imaizumi,Shizuokaken,,Fujishi,,,,35.1693,138.6936,
JP,418,Mannoharashinden,Shizuokaken,,Fujinomiyashi,,,,35.2515,138.6225,
JP,419,Ikanikeisaiganaibaai,Shizuokaken,,Tagatagunkannamichou,,,,35.0907,138.9405,
JP,420,Inomiyachou,Shizuokaken,,Shizuokashi,,,,34.9865,138.3712,
JP,421,Mukoushikiji,Shizuokaken,,Shizuokashi,,,,34.9586,138.3589,
JP,422,Nakayoshida,Shizuokaken,,Shizuokashi,,,,34.999,138.4339,
JP,424,Shimizuumegaya,Shizuokaken,,Shizuokashi,,,,35.0403,138.4511,
JP,425,Hanazawa,Shizuokaken,,Yaidushi,,,,34.8992,138.3309,
JP,426,Kariyado,Shizuokaken,,Fujiedashi,,,,34.8995,138.2795,
JP,427,Chiba,Shizuokaken,,Shimadashi,,,,34.8902,138.1626,
JP,428,Takakuma,Shizuokaken,,Haibaragunkanayachou,,,,34.9061,138.0919,
JP,430,Koudachichou,Shizuokaken,,Hamamatsushi,,,,34.7163,137.7552,
JP,431,Yamazaki,Shizuokaken,,Hamanagunyuutouchou,,,,34.7123,137.6265,
JP,432,Nishiyamachou,Shizuokaken,,Hamamatsushi,,,,34.7388,137.6861,
JP,433,Miyukichou,Shizuokaken,,Hamamatsushi,,,,34.7998,137.7218,
JP,434,Horiya,Shizuokaken,,Hamakitashi,,,,34.8682,137.7616,
JP,435,Kamiishidachou,Shizuokaken,,Hamamatsushi,,,,34.752,137.7853,
JP,436,Higashiyama,Shizuokaken,,Kakegawashi,,,,34.8336,138.0789,
JP,437,Yamada,Shizuokaken,,Fukuroishi,,,,34.8126,137.866,
JP,438,Fujikanbara,Shizuokaken,,Iwatashi,,,,34.7914,137.8518,
JP,439,Tomita,Shizuokaken,,Ogasagunkikugawachou,,,,34.7857,138.1064,
JP,440,Gejounishimachi,Aichiken,,Toyohashishi,,,,34.8005,137.412,
JP,441,Ikanikeisaiganaibaai,Aichiken,,Hoigunkozakaichou,,,,34.806,137.3586,
JP,442,Chigirichou,Aichiken,,Toyokawashi,,,,34.8613,137.3764,
JP,443,Sakamotochou,Aichiken,,Gamagoorishi,,,,34.8567,137.2259,
JP,444,Hakoyanagichou(Sonota),Aichiken,,Okazakishi,,,,34.9704,137.202,
JP,445,Takaochichou,Aichiken,,Nishioshi,,,,34.9012,137.11,
JP,446,Satochou,Aichiken,,Anjoushi,,,,34.997,137.094,
JP,447,Kitamachi,Aichiken,,Hekinanshi,,,,34.9345,137.0319,
JP,448,Igayachou,Aichiken,,Kariyashi,,,,35.0571,137.046,
JP,449,Ikanikeisaiganaibaai,Aichiken,,Kitashitaraguntoueichou,,,,35.1103,137.6269,
JP,450,Nagono,Aichiken,,Nagoyashinakamuraku,,,,35.173,136.8909,
JP,451,Masugatachou,Aichiken,,Nagoyashinishiku,,,,35.209,136.9008,
JP,452,Kojou,Aichiken,,Nishikasugaigunnishibiwajimachou,,,,35.2076,136.8675,
JP,453,1-3-7),Aichiken,,Nagoyashinakamuraku,,,,35.1677,136.8828,
JP,454,Ungachou,Aichiken,,Nagoyashinakagawaku,,,,35.1595,136.8851,
JP,455,Shichibanchou,Aichiken,,Nagoyashiminatoku,,,,35.1148,136.8871,
JP,456,Kanayama,Aichiken,,Nagoyashiatsutaku,,,,35.1412,136.9014,
JP,457,Hirako,Aichiken,,Nagoyashiminamiku,,,,35.1135,136.9442,
JP,458,Umesato,Aichiken,,Nagoyashimidoriku,,,,35.1061,136.9913,
JP,459,Oodakachou,Aichiken,,Nagoyashimidoriku,,,,35.0649,136.9353,
JP,460,Sannomaru,Aichiken,,Nagoyashinakaku,,,,35.1806,136.9045,
JP,461,Izumi,Aichiken,,Nagoyashihigashiku,,,,35.1763,136.9141,
JP,462,Kitakutechou,Aichiken,,Nagoyashikitaku,,,,35.2404,136.9243,
JP,463,Kamishidami,Aichiken,,Nagoyashimoriyamaku,,,,35.2535,137.0378,
JP,464,Higashichikusadai,Aichiken,,Nagoyashichikusaku,,,,35.1915,136.9839,
JP,465,Itakachouinokoishihara,Aichiken,,Nagoyashimeitouku,,,,35.1933,136.9917,
JP,466,Kurumadachou,Aichiken,,Nagoyashishouwaku,,,,35.1578,136.9332,
JP,467,Mizuhochou(Kawasumi),Aichiken,,Nagoyashimizuhoku,,,,35.1397,136.9354,
JP,468,Uedayama,Aichiken,,Nagoyashitenpakuku,,,,35.1447,136.9858,
JP,470,Sanbongichou,Aichiken,,Nisshinshi,,,,35.1415,137.0817,
JP,471,Ikedachou,Aichiken,,Toyotashi,,,,35.1032,137.2156,
JP,472,Yatsuhashichou,Aichiken,,Chiryuushi,,,,35.0082,137.0729,
JP,473,Miyukihonmachi,Aichiken,,Toyotashi,,,,35.0524,137.1495,
JP,474,Kitasakimachi,Aichiken,,Oobushi,,,,35.0337,136.9868,
JP,475,Ishidukachou,Aichiken,,Handashi,,,,34.9394,136.9461,
JP,476,Minamishibatamachi,Aichiken,,Toukaishi,,,,35.0643,136.9035,
JP,477,Ootamachi,Aichiken,,Toukaishi,,,,35.02,136.8957,
JP,478,Yawata,Aichiken,,Chitashi,,,,34.9915,136.8832,
JP,479,Yata,Aichiken,,Tokonameshi,,,,34.9327,136.8629,
JP,480,Yamana,Aichiken,,Niwagunfusouchou,,,,35.3726,136.9101,
JP,482,Higashishinmachi,Aichiken,,Iwakurashi,,,,35.2809,136.8838,
JP,483,Nakahannyachouhigashi,Aichiken,,Kounanshi,,,,35.3712,136.897,
JP,484,Kakinouchi,Aichiken,,Inuyamashi,,,,35.336,137.0133,
JP,485,Kuboishikihigashi,Aichiken,,Komakishi,,,,35.321,136.9468,
JP,486,Kamitaragachou,Aichiken,,Kasugaishi,,,,35.2789,136.9543,
JP,487,Hosonochou,Aichiken,,Kasugaishi,,,,35.2991,137.0621,
JP,488,Asahidai,Aichiken,,Owariasahishi,,,,35.2268,137.0569,
JP,489,Kawahirachou,Aichiken,,Setoshi,,,,35.2694,137.0838,
JP,490,Houryou,Aichiken,,Amagunjimokujichou,,,,35.2104,136.8165,
JP,491,Sebe,Aichiken,,Ichinomiyashi,,,,35.332,136.8383,
JP,492,Akaikeikedachou,Aichiken,,Inazawashi,,,,35.2407,136.7768,
JP,493,Kuroda,Aichiken,,Hagurigunkisogawachou,,,,35.3456,136.7821,
JP,494,Kaimei,Aichiken,,Bisaishi,,,,35.3183,136.7662,
JP,495,Sobue,Aichiken,,Nakashimagunsobuechou,,,,35.2609,136.7162,
JP,496,Aotsukachou,Aichiken,,Tsushimashi,,,,35.1976,136.7668,
JP,497,Okinoshima,Aichiken,,Amagunshippouchou,,,,35.191,136.8054,
JP,498,Higashinakaji,Aichiken,,Amagunyatomichou,,,,35.1241,136.7368,
JP,500,Kagamiiwa,Gifuken,,Gifushi,,,,35.438,136.7796,
JP,501,Sogaya,Gifuken,,Gifushi,,,,35.4286,136.705,
JP,502,Awano,Gifuken,,Gifushi,,,,35.4831,136.7877,
JP,503,Ooshimachou,Gifuken,,Oogakishi,,,,35.3857,136.6325,
JP,504,Nakaoobora,Gifuken,,Kakamigaharashi,,,,35.4021,136.8781,
JP,505,Miwachoutsuduya,Gifuken,,Minokamoshi,,,,35.5289,137.0294,
JP,506,Fuyutoumachi,Gifuken,,Takayamashi,,,,36.1638,137.242,
JP,507,Onadachoukotaki,Gifuken,,Tajimishi,,,,35.3775,137.1217,
JP,508,Nakatsugawa,Gifuken,,Nakatsugawashi,,,,35.4895,137.5114,
JP,509,Sue,Gifuken,,Kakamigaharashi,,,,35.4308,136.8923,
JP,510,Hatta,Mieken,,Yokkaichishi,,,,34.9936,136.641,
JP,511,Kaminowashinden,Mieken,,Kuwanashi,,,,35.0814,136.6833,
JP,512,Suizawanodachou,Mieken,,Yokkaichishi,,,,34.9635,136.4797,
JP,513,Hirosechou,Mieken,,Suzukashi,,,,34.8943,136.4998,
JP,514,Edobashi,Mieken,,Tsushi,,,,34.7418,136.5206,
JP,515,Ookuchichou,Mieken,,Matsusakashi,,,,34.5958,136.5501,
JP,516,Oominatochou,Mieken,,Iseshi,,,,34.527,136.7387,
JP,517,Kamijimachou,Mieken,,Tobashi,,,,34.5497,136.9813,
JP,518,Sanaguchou,Mieken,,Uenoshi,,,,34.8025,136.1691,
JP,519,Ikanikeisaiganaibaai,Mieken,,Kameyamashi,,,,34.8557,136.4579,
JP,520,Hasuikechou,Shigaken,,Ootsushi,,,,35.0458,135.8643,
JP,521,Asadumachikuma,Shigaken,,Sakatagunmaiharachou,,,,35.3251,136.2716,
JP,522,Osuechou,Shigaken,,Hikoneshi,,,,35.2765,136.2571,
JP,523,Kongoujichou,Shigaken,,Oumihachimanshi,,,,35.1248,136.1153,
JP,524,Kawatachou,Shigaken,,Moriyamashi,,,,35.0812,136.0011,
JP,525,Oroshimochou,Shigaken,,Kusatsushi,,,,35.0628,135.9452,
JP,526,Kunitomochou,Shigaken,,Nagahamashi,,,,35.4097,136.2818,
JP,527,Takebeshimonochou,Shigaken,,Youkaichishi,,,,35.133,136.1991,
JP,528,Nakahata,Shigaken,,Koukagunminakuchichou,,,,34.979,136.2064,
JP,529,Ikanikeisaiganaibaai,Shigaken,,Higashiazaiguntorahimechou,,,,35.4178,136.2575,
JP,530,Umeda,Oosakafu,,Oosakashikitaku,,,,34.6994,135.4964,
JP,531,Nagaranishi,Oosakafu,,Oosakashikitaku,,,,34.7153,135.5129,
JP,532,Juuhachijou,Oosakafu,,Oosakashiyodogawaku,,,,34.7467,135.4909,
JP,533,Itakano,Oosakafu,,Oosakashihigashiyodogawaku,,,,34.7637,135.5468,
JP,534,Kemachou,Oosakafu,,Oosakashimiyakojimaku,,,,34.7221,135.5226,
JP,535,Taishibashi,Oosakafu,,Oosakashiasahiku,,,,34.7347,135.5549,
JP,536,Furuichi,Oosakafu,,Oosakashijoutouku,,,,34.7106,135.5573,
JP,537,Fukaekita,Oosakafu,,Oosakashihigashinariku,,,,34.6762,135.559,
JP,538,Matsutaoomiya,Oosakafu,,Oosakashitsurumiku,,,,34.7107,135.5931,
JP,540,Shiromi(Tsuginobiruwonozoku),Oosakafu,,Oosakashichuuouku,,,,34.6925,135.5319,
JP,541,Kitahama,Oosakafu,,Oosakashichuuouku,,,,34.6917,135.5034,
JP,542,Andoujichou,Oosakafu,,Oosakashichuuouku,,,,34.6764,135.5165,
JP,543,Uehonmachi,Oosakafu,,Oosakashitennoujiku,,,,34.6655,135.5194,
JP,544,Shin'Imazato,Oosakafu,,Oosakashiikunoku,,,,34.662,135.5481,
JP,545,Tennoujichoukita,Oosakafu,,Oosakashiabenoku,,,,34.6456,135.5248,
JP,546,Imabayashi,Oosakafu,,Oosakashihigashisumiyoshiku,,,,34.6381,135.5429,
JP,547,Kamikita,Oosakafu,,Oosakashihiranoku,,,,34.6378,135.5596,
JP,549,Senshuukuukoukita,Oosakafu,,Izumisanoshi,,,,34.4372,135.2446,
JP,550,Tosabori,Oosakafu,,Oosakashinishiku,,,,34.6895,135.4913,
JP,551,Sangenyanishi,Oosakafu,,Oosakashitaishouku,,,,34.6651,135.4756,
JP,552,Namiyoke,Oosakafu,,Oosakashiminatoku,,,,34.6723,135.463,
JP,553,Ebie,Oosakafu,,Oosakashifukushimaku,,,,34.6976,135.4722,
JP,554,Takami,Oosakafu,,Oosakashikonohanaku,,,,34.691,135.4573,
JP,555,Tsukuda,Oosakafu,,Oosakashinishiyodogawaku,,,,34.7133,135.4422,
JP,556,Shimodera,Oosakafu,,Oosakashinaniwaku,,,,34.6576,135.5097,
JP,557,Sannou,Oosakafu,,Oosakashinishinariku,,,,34.6454,135.5055,
JP,558,Dairyou,Oosakafu,,Oosakashisumiyoshiku,,,,34.6148,135.5065,
JP,559,Kohama,Oosakafu,,Oosakashisuminoeku,,,,34.6183,135.4903,
JP,560,Kitamidorigaoka,Oosakafu,,Toyonakashi,,,,34.8182,135.4774,
JP,561,Sonenishimachi,Oosakafu,,Toyonakashi,,,,34.7721,135.4649,
JP,562,Minoo,Oosakafu,,Minooshi,,,,34.8343,135.4706,
JP,563,Fushiochou,Oosakafu,,Ikedashi,,,,34.8581,135.444,
JP,564,Kishibekita,Oosakafu,,Suitashi,,,,34.7823,135.5328,
JP,565,Aobaokakita,Oosakafu,,Suitashi,,,,34.8083,135.549,
JP,566,Senrioka,Oosakafu,,Settsushi,,,,34.7887,135.5463,
JP,567,Ai,Oosakafu,,Ibarakishi,,,,34.8504,135.5642,
JP,568,Kiyosaka,Oosakafu,,Ibarakishi,,,,34.9134,135.5555,
JP,569,Yodonoharachou,Oosakafu,,Takatsukishi,,,,34.87,135.667,
JP,570,Satanishimachi,Oosakafu,,Moriguchishi,,,,34.7612,135.5847,
JP,571,Kishiwada,Oosakafu,,Kadomashi,,,,34.7276,135.6197,
JP,572,Naritahigashimachi,Oosakafu,,Neyagawashi,,,,34.7816,135.6465,
JP,573,Taguchama,Oosakafu,,Hirakatashi,,,,34.8284,135.693,
JP,574,Gakuenchou,Oosakafu,,Daitoushi,,,,34.7309,135.64,
JP,575,Suna,Oosakafu,,Shijounawateshi,,,,34.7464,135.635,
JP,576,Houji,Oosakafu,,Katanoshi,,,,34.7757,135.7055,
JP,577,Tokuanhonmachi,Oosakafu,,Higashioosakashi,,,,34.694,135.582,
JP,578,Kanou,Oosakafu,,Higashioosakashi,,,,34.6971,135.6251,
JP,579,Zenkonjichou,Oosakafu,,Higashioosakashi,,,,34.6999,135.6459,
JP,580,Wakabayashi,Oosakafu,,Matsubarashi,,,,34.5897,135.5799,
JP,581,Suehirochou,Oosakafu,,Yaoshi,,,,34.6325,135.5924,
JP,582,Hongou,Oosakafu,,Kashiwarashi,,,,34.5903,135.6159,
JP,583,Kawakita,Oosakafu,,Fujiiderashi,,,,34.5855,135.6119,
JP,584,Umenosato,Oosakafu,,Tondabayashishi,,,,34.5277,135.5939,
JP,585,Higashiyama,Oosakafu,,Minamikawachigunkananchou,,,,34.5106,135.6291,
JP,586,Ichichou,Oosakafu,,Kawachinaganoshi,,,,34.4681,135.5756,
JP,589,Higashinonishi,Oosakafu,,Oosakasayamashi,,,,34.523,135.5562,
JP,590,Miyayamadai,Oosakafu,,Sakaishi,,,,34.506,135.4987,
JP,591,Tokiwachou,Oosakafu,,Sakaishi,,,,34.5892,135.5156,
JP,592,Takasago,Oosakafu,,Takaishishi,,,,34.5373,135.415,
JP,593,Uenoshibachou,Oosakafu,,Sakaishi,,,,34.5503,135.4751,
JP,594,Maichou,Oosakafu,,Izumishi,,,,34.5129,135.4506,
JP,595,Ayai,Oosakafu,,Izumiootsushi,,,,34.5139,135.4356,
JP,596,Isonokamichou,Oosakafu,,Kishiwadashi,,,,34.4884,135.3896,
JP,597,Kogi,Oosakafu,,Kaidukashi,,,,34.4464,135.3566,
JP,598,Kamikawaraya,Oosakafu,,Izumisanoshi,,,,34.4149,135.3356,
JP,599,Ikanikeisaiganaibaai,Oosakafu,,Hannanshi,,,,34.3475,135.2336,
JP,600,Shinchou,Kyoutofu,,Kyoutoshishimogyouku,,,,35.0039,135.77,
JP,601,Mayumihachimanchou,Kyoutofu,,Kyoutoshikitaku,,,,35.1218,135.7016,
JP,602,Takezonochou,Kyoutofu,,Kyoutoshikamigyouku,,,,35.0364,135.758,
JP,603,Kamigamojuusangokuyama,Kyoutofu,,Kyoutoshikitaku,,,,35.095,135.7407,
JP,604,Doujouchou,Kyoutofu,,Kyoutoshinakagyouku,,,,35.0168,135.758,
JP,605,Nichoume,Kyoutofu,,Kyoutoshihigashiyamaku,,,,35.0093,135.7746,
JP,606,Iwakuraoosagichou,Kyoutofu,,Kyoutoshisakyouku,,,,35.0664,135.7876,
JP,607,Anshubishamondouchou,Kyoutofu,,Kyoutoshiyamashinaku,,,,34.979,135.8122,
JP,610,Ikanikeisaiganaibaai,Kyoutofu,,Jouyoushi,,,,34.8439,135.8008,
JP,611,Rokujizou,Kyoutofu,,Ujishi,,,,34.9331,135.7975,
JP,612,Fukakusashimotakamatsuchou,Kyoutofu,,Kyoutoshifushimiku,,,,34.9406,135.7637,
JP,613,Higashiimoarai,Kyoutofu,,Kusegunkumiyamachou,,,,34.9037,135.7405,
JP,614,Yawatashinade,Kyoutofu,,Yawatashi,,,,34.8863,135.6986,
JP,615,Saiinkamiimadachou,Kyoutofu,,Kyoutoshiukyouku,,,,35.008,135.7312,
JP,616,Arashiyamakamikawarachou,Kyoutofu,,Kyoutoshinishikyouku,,,,35.0114,135.6788,
JP,617,Mozumechou,Kyoutofu,,Mukoushi,,,,34.963,135.6953,
JP,618,Yamazaki,Oosakafu,,Mishimagunshimamotochou,,,,34.8912,135.6734,
JP,619,Kabata,Kyoutofu,,Sourakugunyamashirochou,,,,34.7858,135.8126,
JP,620,Yamanokuchi,Kyoutofu,,Fukuchiyamashi,,,,35.3409,135.165,
JP,621,Asahichou,Kyoutofu,,Kameokashi,,,,35.0794,135.5611,
JP,622,Shimoyama,Kyoutofu,,Funaiguntanbachou,,,,35.2147,135.4255,
JP,623,Orochou,Kyoutofu,,Ayabeshi,,,,35.3419,135.2711,
JP,624,Ookawa,Kyoutofu,,Maidurushi,,,,35.4457,135.2588,
JP,625,Sugiyama,Kyoutofu,,Maidurushi,,,,35.5063,135.4627,
JP,626,Monju,Kyoutofu,,Miyadushi,,,,35.5569,135.1833,
JP,627,Hashiki,Kyoutofu,,Nakagunmineyamachou,,,,35.655,135.067,
JP,629,Kado,Kyoutofu,,Funaigunwachichou,,,,35.1673,135.4201,
JP,630,Takayamachou,Naraken,,Ikomashi,,,,34.7459,135.7225,
JP,631,Kitatomigaoka,Naraken,,Narashi,,,,34.7245,135.7588,
JP,632,Nakanoshouchou,Naraken,,Tenrishi,,,,34.6344,135.8421,
JP,633,Miwa,Naraken,,Sakuraishi,,,,34.5268,135.8463,
JP,634,Odaichichou,Naraken,,Kashiharashi,,,,34.5321,135.8164,
JP,635,Matsuduka,Naraken,,Yamatotakadashi,,,,34.5219,135.76,
JP,636,Funato,Naraken,,Kitakatsuragigun'Oujichou,,,,34.5946,135.7114,
JP,637,Nishikawachichou,Naraken,,Gojoushi,,,,34.3739,135.7071,
JP,638,Achiga,Naraken,,Yoshinogunshimoichichou,,,,34.3789,135.8,
JP,639,Kataokadai,Naraken,,Kitakatsuragigunkanmakichou,,,,34.5805,135.7159,
JP,640,Ookawa,Wakayamaken,,Wakayamashi,,,,34.3071,135.0885,
JP,641,Kuinose,Wakayamaken,,Wakayamashi,,,,34.2105,135.1932,
JP,642,Funoo,Wakayamaken,,Kainanshi,,,,34.1591,135.2014,
JP,643,Yamada,Wakayamaken,,Aridagunyuasachou,,,,34.0286,135.2059,
JP,644,Gobou,Wakayamaken,,Goboushi,,,,33.8886,135.1573,
JP,645,Higashiyoshida,Wakayamaken,,Hidakagunminabechou,,,,33.774,135.3264,
JP,646,Kamiakidu,Wakayamaken,,Tanabeshi,,,,33.7585,135.4095,
JP,647,Aisuji,Wakayamaken,,Shinguushi,,,,33.7334,135.9799,
JP,648,Sugio,Wakayamaken,,Hashimotoshi,,,,34.3704,135.6398,
JP,649,Shimotsu,Wakayamaken,,Kaisougunshimotsuchou,,,,34.1095,135.1429,
JP,650,Kanouchou,Hyougoken,,Koubeshichuuouku,,,,34.6958,135.1938,
JP,651,Shinsenjidoori,Hyougoken,,Koubeshichuuouku,,,,34.714,135.2075,
JP,652,Karasuharachou,Hyougoken,,Koubeshihyougoku,,,,34.6996,135.1555,
JP,653,Nanabanchou,Hyougoken,,Koubeshinagataku,,,,34.6744,135.1557,
JP,654,Zenshoujichou,Hyougoken,,Koubeshisumaku,,,,34.6694,135.1302,
JP,655,Tamonchou,Hyougoken,,Koubeshitarumiku,,,,34.6701,135.0571,
JP,656,Nakagawarachouatsuhama,Hyougoken,,Sumotoshi,,,,34.3761,134.8896,
JP,657,Takaha,Hyougoken,,Koubeshinadaku,,,,34.7226,135.2398,
JP,658,Morikitamachi,Hyougoken,,Koubeshihigashinadaku,,,,34.7339,135.2898,
JP,659,Kentani,Hyougoken,,Ashiyashi,,,,34.7476,135.2989,
JP,660,Higashinanatsumatsuchou,Hyougoken,,Amagasakishi,,,,34.7347,135.4073,
JP,661,Tsukaguchihonmachi,Hyougoken,,Amagasakishi,,,,34.7571,135.4192,
JP,662,Kabutoyamachou,Hyougoken,,Nishinomiyashi,,,,34.7748,135.3287,
JP,663,Tajikanochou,Hyougoken,,Nishinomiyashi,,,,34.7773,135.371,
JP,664,Aramaki,Hyougoken,,Itamishi,,,,34.8106,135.3829,
JP,665,Choujugaoka,Hyougoken,,Takaradukashi,,,,34.811,135.3324,
JP,666,Uguisunomorichou,Hyougoken,,Kawanishishi,,,,34.8469,135.4183,
JP,667,Aoyama,Hyougoken,,Yabugunyoukachou,,,,35.4372,134.762,
JP,668,Igadani,Hyougoken,,Toyookashi,,,,35.5835,134.7767,
JP,669,Shiosechounamaze,Hyougoken,,Nishinomiyashi,,,,34.8166,135.3169,
JP,670,Kobasamachou,Hyougoken,,Himejishi,,,,34.844,134.6997,
JP,671,Ooshiochou,Hyougoken,,Himejishi,,,,34.7808,134.7592,
JP,672,Maura,Hyougoken,,Shikamagun'Ieshimachou,,,,34.6768,134.5254,
JP,673,Meinanchou,Hyougoken,,Akashishi,,,,34.6724,134.9687,
JP,674,Ookubochouookubo,Hyougoken,,Akashishi,,,,34.6902,134.9435,
JP,675,Saijouyamate,Hyougoken,,Kakogawashi,,,,34.7864,134.8857,
JP,676,Nakashima,Hyougoken,,Takasagoshi,,,,34.7708,134.7995,
JP,677,Oogichou,Hyougoken,,Nishiwakishi,,,,35.0225,134.9547,
JP,678,Yamate,Hyougoken,,Aioishi,,,,34.8207,134.4792,
JP,679,Tsusomechou,Hyougoken,,Kasaishi,,,,34.9309,134.8897,
JP,680,Hamasaka,Tottoriken,,Tottorishi,,,,35.531,134.2126,
JP,681,Makidani,Tottoriken,,Iwamigun'Iwamichou,,,,35.5886,134.3352,
JP,682,Anakubo,Tottoriken,,Kurayoshishi,,,,35.4757,133.8335,
JP,683,Kaikeonsen,Tottoriken,,Yonagoshi,,,,35.456,133.3605,
JP,684,Shimizuchou,Tottoriken,,Sakaiminatoshi,,,,35.5386,133.2168,
JP,685,Ooku,Shimaneken,,Okigunsaigouchou,,,,36.2515,133.3712,
JP,689,Iwado,Tottoriken,,Iwamigunfukubeson,,,,35.5621,134.2762,
JP,690,Higashiasahimachi,Shimaneken,,Matsueshi,,,,35.4631,133.0708,
JP,691,Hiratachou,Shimaneken,,Hiratashi,,,,35.4357,132.8233,
JP,692,Akaechou,Shimaneken,,Yasugishi,,,,35.435,133.2201,
JP,693,Imaichichou,Shimaneken,,Izumoshi,,,,35.3644,132.758,
JP,694,Yamaguchichousatsume,Shimaneken,,Oodashi,,,,35.2051,132.6444,
JP,695,Wataduchou,Shimaneken,,Goutsushi,,,,35.0209,132.2357,
JP,696,Kawamoto,Shimaneken,,Oochigunkawamotomachi,,,,34.9868,132.5033,
JP,697,Tonourachou,Shimaneken,,Hamadashi,,,,34.9114,132.0778,
JP,698,Kushirochou,Shimaneken,,Masudashi,,,,34.7005,131.8459,
JP,699,Ikanikeisaiganaibaai,Shimaneken,,Yatsukagunhigashiizumochou,,,,35.4289,133.1465,
JP,700,Shuku,Okayamaken,,Okayamashi,,,,34.7003,133.9406,
JP,701,Hibata,Okayamaken,,Kurashikishi,,,,34.659,133.8317,
JP,702,Okimoto,Okayamaken,,Okayamashi,,,,34.6348,133.9816,
JP,703,Shinogoze,Okayamaken,,Okayamashi,,,,34.6941,133.9797,
JP,704,Sairyuuji,Okayamaken,,Okayamashi,,,,34.6759,134.0551,
JP,705,Inbe,Okayamaken,,Bizenshi,,,,34.7401,134.1608,
JP,706,Tai,Okayamaken,,Tamanoshi,,,,34.5167,133.9491,
JP,707,Kamiya,Okayamaken,,Aidagunmimasakachou,,,,35.0377,134.1469,
JP,708,Obara,Okayamaken,,Tsuyamashi,,,,35.0816,133.9997,
JP,709,Takata,Okayamaken,,Wakegunyoshinagachou,,,,34.864,134.2483,
JP,710,Mitsuda,Okayamaken,,Kurashikishi,,,,34.6308,133.7972,
JP,711,Kojimayuga,Okayamaken,,Kurashikishi,,,,34.5037,133.8556,
JP,712,Tsurajimachounishinoura,Okayamaken,,Kurashikishi,,,,34.5532,133.7147,
JP,713,Tamashimauwanari,Okayamaken,,Kurashikishi,,,,34.5605,133.6926,
JP,714,Hashiride,Okayamaken,,Kasaokashi,,,,34.5899,133.5276,
JP,715,Nogamichou,Okayamaken,,Ibarashi,,,,34.6396,133.4987,
JP,716,Tsugawachouyagawa,Okayamaken,,Takahashishi,,,,34.8489,133.6294,
JP,717,Hoshiyama,Okayamaken,,Maniwagunkatsuyamachou,,,,35.1279,133.6741,
JP,718,Kamikumatani,Okayamaken,,Niimishi,,,,35.0193,133.5143,
JP,719,Kosakanishi,Okayamaken,,Asakuchigunkamogatachou,,,,34.541,133.5613,
JP,720,Yokoochou,Hiroshimaken,,Fukuyamashi,,,,34.5226,133.365,
JP,721,Kasugachouuyama,Hiroshimaken,,Fukuyamashi,,,,34.5259,133.4062,
JP,722,Tesakichou,Hiroshimaken,,Onomichishi,,,,34.4017,133.1754,
JP,723,Fukamachi,Hiroshimaken,,Miharashi,,,,34.4358,133.1358,
JP,724,Kamidakeni,Hiroshimaken,,Kamogunfukutomichou,,,,34.5299,132.7228,
JP,725,Tamarichou,Hiroshimaken,,Takeharashi,,,,34.4068,132.84,
JP,726,Motoyamachou,Hiroshimaken,,Fuchuushi,,,,34.5862,133.2411,
JP,727,Ookubochou,Hiroshimaken,,Shoubarashi,,,,34.8474,133.0535,
JP,728,Yamagamachi,Hiroshimaken,,Miyoshishi,,,,34.8438,132.8281,
JP,729,Takanishichoukawajiri,Hiroshimaken,,Fukuyamashi,,,,34.4456,133.2349,
JP,730,Hakushimakitamachi,Hiroshimaken,,Hiroshimashinakaku,,,,34.41,132.463,
JP,731,Ikanikeisaiganaibaai,Hiroshimaken,,Hiroshimashiasaminamiku,,,,34.4603,132.4554,
JP,732,Hesakasouda,Hiroshimaken,,Hiroshimashihigashiku,,,,34.4392,132.4908,
JP,733,Ooshiba,Hiroshimaken,,Hiroshimashinishiku,,,,34.4205,132.4596,
JP,734,Deshio,Hiroshimaken,,Hiroshimashiminamiku,,,,34.3783,132.4763,
JP,735,Sakuragaoka,Hiroshimaken,,Akigunfuchuuchou,,,,34.4051,132.519,
JP,736,Sunabashiri,Hiroshimaken,,Akigunkaitachou,,,,34.3833,132.5562,
JP,737,Agakita,Hiroshimaken,,Kureshi,,,,34.2478,132.5961,
JP,738,Sagata,Hiroshimaken,,Hatsukaichishi,,,,34.3653,132.3391,
JP,739,Saijouchousaijou,Hiroshimaken,,Higashihiroshimashi,,,,34.4267,132.7363,
JP,740,Shouzokumachi,Yamaguchiken,,Iwakunishi,,,,34.198,132.2299,
JP,741,Nishimi,Yamaguchiken,,Iwakunishi,,,,34.1643,132.1923,
JP,742,Himeda,Yamaguchiken,,Yanaishi,,,,33.9693,132.1127,
JP,743,Murodumimura,Yamaguchiken,,Hikarishi,,,,33.9157,132.0065,
JP,744,Kotohirachou,Yamaguchiken,,Kudamatsushi,,,,34.0037,131.8746,
JP,745,Tsujimachi,Yamaguchiken,,Shuunanshi,,,,34.0576,131.8157,
JP,746,Kawasaki,Yamaguchiken,,Shuunanshi,,,,34.0717,131.7818,
JP,747,Iwahata,Yamaguchiken,,Houfushi,,,,34.0607,131.5953,
JP,749,Koujiro,Yamaguchiken,,Kugagun'Oobatakechou,,,,33.9694,132.1828,
JP,750,Saiwaimachi,Yamaguchiken,,Shimonosekishi,,,,33.9618,130.9434,
JP,751,Shouya,Yamaguchiken,,Shimonosekishi,,,,34.0118,130.9712,
JP,752,Yamada,Yamaguchiken,,Shimonosekishi,,,,34.0592,130.9989,
JP,753,Miyanokami,Yamaguchiken,,Yamaguchishi,,,,34.2098,131.5135,
JP,754,Kamigou,Yamaguchiken,,Yoshikigun'Ogoorichou,,,,34.2435,131.5859,
JP,755,Okiube,Yamaguchiken,,Ubeshi,,,,33.9503,131.2859,
JP,756,Taikyuu,Yamaguchiken,,Onodashi,,,,34.032,131.2142,
JP,757,Asa,Yamaguchiken,,Asagunsanyouchou,,,,34.0661,131.1756,
JP,758,Aishima,Yamaguchiken,,Hagishi,,,,34.5054,131.2827,
JP,759,Tanai,Yamaguchiken,,Ubeshi,,,,34.0187,131.2399,
JP,760,Shinkitamachi,Kagawaken,,Takamatsushi,,,,34.3526,134.0255,
JP,761,Kasugachou,Kagawaken,,Takamatsushi,,,,34.3314,134.0915,
JP,762,Kyoumachi,Kagawaken,,Sakaideshi,,,,34.3158,133.8577,
JP,763,Furutaimachi,Kagawaken,,Marugameshi,,,,34.2924,133.7998,
JP,764,Higashishinmachi,Kagawaken,,Nakatadoguntadotsuchou,,,,34.2778,133.7537,
JP,765,Senyuuchou,Kagawaken,,Zentsuujishi,,,,34.2294,133.7722,
JP,766,Gojou,Kagawaken,,Nakatadogunkotohirachou,,,,34.1856,133.8278,
JP,767,Kamitakase,Kagawaken,,Mitoyoguntakasechou,,,,34.1915,133.7282,
JP,768,Muromotochou,Kagawaken,,Kan'Onjishi,,,,34.1497,133.6475,
JP,769,Nii,Kagawaken,,Ayautagunkokubunjichou,,,,34.3048,133.967,
JP,770,Kasugachou,Tokushimaken,,Tokushimashi,,,,34.0983,134.5298,
JP,771,Kawauchichou(Asahino),Tokushimaken,,Tokushimashi,,,,34.0901,134.6001,
JP,772,Muyachoukurosaki,Tokushimaken,,Narutoshi,,,,34.189,134.5977,
JP,773,Komatsushimachou,Tokushimaken,,Komatsushimashi,,,,34.0104,134.5846,
JP,774,Tatsumichou,Tokushimaken,,Ananshi,,,,33.935,134.6851,
JP,775,Kouchi,Tokushimaken,,Kaifugunmugichou,,,,33.6906,134.4099,
JP,776,Ushijima,Tokushimaken,,Oegunkamojimachou,,,,34.0778,134.387,
JP,777,Mishima(Oshima),Tokushimaken,,Mimagun'Anabukichou,,,,34.0509,134.1122,
JP,778,Ueno,Tokushimaken,,Miyoshigun'Ikedachou,,,,34.0304,133.8019,
JP,779,Ikanikeisaiganaibaai,Tokushimaken,,Itanogun'Itanochou,,,,34.1347,134.4373,
JP,780,Kureno,Kouchiken,,Kouchishi,,,,33.6127,133.5669,
JP,781,Azouno,Kouchiken,,Kouchishi,,,,33.5893,133.5547,
JP,782,Suita,Kouchiken,,Kamiguntosayamadachou,,,,33.6356,133.725,
JP,783,Hiyoshichou,Kouchiken,,Nankokushi,,,,33.577,133.6422,
JP,784,Yanomaru,Kouchiken,,Akishi,,,,33.503,133.9068,
JP,785,Haramachi,Kouchiken,,Susakishi,,,,33.3924,133.292,
JP,786,Hisahara,Kouchiken,,Takaokagunkubokawachou,,,,33.2313,133.071,
JP,787,Honmachi,Kouchiken,,Nakamurashi,,,,32.9956,132.9341,
JP,788,Chuuou,Kouchiken,,Sukumoshi,,,,32.9371,132.7282,
JP,789,Yakawa,Kouchiken,,Nagaokagun'Ootoyochou,,,,33.8049,133.7731,
JP,790,Ichibanchou,Ehimeken,,Matsuyamashi,,,,33.8412,132.7693,
JP,791,Mizonobemachi,Ehimeken,,Matsuyamashi,,,,33.8505,132.8054,
JP,792,Soubirakichou,Ehimeken,,Niihamashi,,,,33.9602,133.2591,
JP,793,Tamatsu,Ehimeken,,Saijoushi,,,,33.9272,133.1994,
JP,794,Sunabachou,Ehimeken,,Imabarishi,,,,34.1049,132.9794,
JP,795,Kitatada,Ehimeken,,Oozushi,,,,33.4917,132.5424,
JP,796,Mukainada,Ehimeken,,Yawatahamashi,,,,33.463,132.4174,
JP,797,Tanonaka,Ehimeken,,Higashiuwagun'Uwachou,,,,33.403,132.5362,
JP,798,Ooura(Akamatsu),Ehimeken,,Uwajimashi,,,,33.2389,132.5496,
JP,799,Kawanoechou,Ehimeken,,Kawanoeshi,,,,34.0116,133.5735,
JP,800,Kazashi(4choume),Fukuokaken,,Kitakyuushuushimojiku,,,,33.9304,130.9467,
JP,801,Shiranoe,Fukuokaken,,Kitakyuushuushimojiku,,,,33.9415,131.0082,
JP,802,Asano,Fukuokaken,,Kitakyuushuushikokurakitaku,,,,33.8882,130.8834,
JP,803,Hiraodai,Fukuokaken,,Kitakyuushuushikokuraminamiku,,,,33.758,130.8952,
JP,804,Tobihatachou,Fukuokaken,,Kitakyuushuushitobataku,,,,33.9048,130.8251,
JP,805,Arate,Fukuokaken,,Kitakyuushuushiyahatahigashiku,,,,33.885,130.818,
JP,806,Tsukijimachi,Fukuokaken,,Kitakyuushuushiyahatanishiku,,,,33.8767,130.7774,
JP,807,Inokuma,Fukuokaken,,Ongagunmizumakimachi,,,,33.8778,130.6844,
JP,808,Koishihonmuramachi,Fukuokaken,,Kitakyuushuushiwakamatsuku,,,,33.9176,130.7823,
JP,809,Habu,Fukuokaken,,Nakamashi,,,,33.8209,130.6984,
JP,810,Tenjin,Fukuokaken,,Fukuokashichuuouku,,,,33.5915,130.3989,
JP,811,Ikanikeisaiganaibaai,Fukuokaken,,Kasuyagunshinguumachi,,,,33.7154,130.4315,
JP,812,Ooi,Fukuokaken,,Fukuokashihakataku,,,,33.6047,130.4436,
JP,813,Tounoharu,Fukuokaken,,Fukuokashihigashiku,,,,33.6765,130.4399,
JP,814,Momochihama,Fukuokaken,,Fukuokashisawaraku,,,,33.5918,130.3518,
JP,815,Gojitsukawa,Fukuokaken,,Fukuokashiminamiku,,,,33.5607,130.4387,
JP,816,Aoki,Fukuokaken,,Fukuokashihakataku,,,,33.5919,130.4539,
JP,817,Koura,Nagasakiken,,Shimoagatagun'Iduharamachi,,,,34.2284,129.3031,
JP,818,Yusubaru,Fukuokaken,,Chikushinoshi,,,,33.533,130.5924,
JP,819,Odo,Fukuokaken,,Fukuokashinishiku,,,,33.5889,130.3168,
JP,820,Namazuta,Fukuokaken,,Iidukashi,,,,33.6655,130.7048,
JP,822,Ganda,Fukuokaken,,Noogatashi,,,,33.766,130.7365,
JP,824,Gyouji,Fukuokaken,,Yukuhashishi,,,,33.7379,130.9739,
JP,825,Ikari,Fukuokaken,,Tagawashi,,,,33.625,130.8324,
JP,826,Sakuramachi,Fukuokaken,,Tagawashi,,,,33.6359,130.7965,
JP,827,Amagi,Fukuokaken,,Tagawagunkawasakimachi,,,,33.5621,130.8177,
JP,828,Hatakenaka,Fukuokaken,,Buzenshi,,,,33.629,131.0884,
JP,830,Komorino,Fukuokaken,,Kurumeshi,,,,33.3385,130.5145,
JP,831,Shimoaoki,Fukuokaken,,Ookawashi,,,,33.2277,130.3973,
JP,832,Gamou,Fukuokaken,,Yanagawashi,,,,33.1921,130.4267,
JP,833,Ichijou,Fukuokaken,,Chikugoshi,,,,33.246,130.5104,
JP,834,Takumada,Fukuokaken,,Yameshi,,,,33.2277,130.5677,
JP,835,Maiduru,Fukuokaken,,Miikeguntakatamachi,,,,33.1152,130.5195,
JP,836,Shouwabiraki,Fukuokaken,,Oomutashi,,,,33.0638,130.4315,
JP,837,Shika,Fukuokaken,,Oomutashi,,,,33.0754,130.5318,
JP,838,Shiro,Fukuokaken,,Amagishi,,,,33.4133,130.698,
JP,839,Shouwabiraki,Fukuokaken,,Miikeguntakatamachi,,,,33.0809,130.4262,
JP,840,Kosemachishurita,Sagaken,,Sagashi,,,,33.2604,130.3282,
JP,841,Imamachi,Sagaken,,Tosushi,,,,33.4064,130.5276,
JP,842,Kanzaki,Sagaken,,Kanzakigunkanzakimachi,,,,33.3077,130.3737,
JP,843,Asahichounakano,Sagaken,,Takeoshi,,,,33.2112,130.0287,
JP,844,Izumiyama,Sagaken,,Nishimatsuuragun'Aritamachi,,,,33.193,129.9068,
JP,845,Ogimachinotsuginibanchigakurubaai,Sagaken,,Ogigun'Ogimachi,,,,33.2938,130.2008,
JP,846,Kitatakumachi,Sagaken,,Takushi,,,,33.2653,130.0898,
JP,847,Souzui,Sagaken,,Karatsushi,,,,33.3929,129.9875,
JP,848,Minamihatachoujuubashi,Sagaken,,Imarishi,,,,33.3481,129.9183,
JP,849,Harukoga,Sagaken,,Miyakigunnakabaruchou,,,,33.3444,130.4395,
JP,850,Nishiyama,Nagasakiken,,Nagasakishi,,,,32.7651,129.887,
JP,851,Kogamachi,Nagasakiken,,Nagasakishi,,,,32.8016,129.9572,
JP,852,Hikarimachi,Nagasakiken,,Nagasakishi,,,,32.7548,129.8636,
JP,853,Sakaemachi,Nagasakiken,,Fukueshi,,,,32.6964,128.8454,
JP,854,Fukudachou,Nagasakiken,,Isahayashi,,,,32.8542,130.0585,
JP,855,Nakanomachi,Nagasakiken,,Shimabarashi,,,,32.8254,130.3487,
JP,856,Mururomachi,Nagasakiken,,Oomurashi,,,,32.9869,129.9556,
JP,857,Eboshichou,Nagasakiken,,Saseboshi,,,,33.1808,129.7616,
JP,858,Takenochou,Nagasakiken,,Saseboshi,,,,33.2195,129.6836,
JP,859,Ootomyou,Nagasakiken,,Kitatakakiguntakakichou,,,,32.883,130.1064,
JP,860,Chibajoumachi,Kumamotoken,,Kumamotoshi,,,,32.808,130.708,
JP,861,Ikanikeisaiganaibaai,Kumamotoken,,Kamotogun'Uekimachi,,,,32.8935,130.6917,
JP,862,Higashimachi,Kumamotoken,,Kumamotoshi,,,,32.7855,130.7648,
JP,863,Imada,Kumamotoken,,Amakusagunkawauramachi,,,,32.3647,130.0849,
JP,864,Haramanda,Kumamotoken,,Araoshi,,,,33.0022,130.4441,
JP,865,Tsukida,Kumamotoken,,Tamanashi,,,,32.9779,130.5976,
JP,866,Gunchiku12banchou,Kumamotoken,,Yatsushiroshi,,,,32.553,130.5861,
JP,867,Kotsunagi,Kumamotoken,,Minamatashi,,,,32.215,130.4418,
JP,868,Kajiyamachi,Kumamotoken,,Hitoyoshishi,,,,32.2167,130.761,
JP,869,Ikanikeisaiganaibaai,Kumamotoken,,Tamanagunnagasumachi,,,,32.9136,130.4641,
JP,870,Ikushiminatomachi,Ooitaken,,Ooitashi,,,,33.2479,131.5818,
JP,871,Ooshinden,Ooitaken,,Nakatsushi,,,,33.5958,131.224,
JP,872,Nagasu,Ooitaken,,Usashi,,,,33.5712,131.3763,
JP,873,Kitsuki,Ooitaken,,Kitsukishi,,,,33.4186,131.6166,
JP,874,Osaka,Ooitaken,,Beppushi,,,,33.3481,131.4886,
JP,875,Sashiu,Ooitaken,,Usukishi,,,,33.1773,131.8279,
JP,876,Takamatsuura,Ooitaken,,Saikishi,,,,33.0122,131.9265,
JP,877,Akiyamamachi,Ooitaken,,Hitashi,,,,33.3326,130.948,
JP,878,Ueki,Ooitaken,,Taketashi,,,,32.9965,131.376,
JP,879,Imadu,Ooitaken,,Nakatsushi,,,,33.5774,131.2644,
JP,880,Tachibanadoorinishi,Miyazakiken,,Miyazakishi,,,,31.9145,131.4222,
JP,881,Okadomi,Miyazakiken,,Saitoshi,,,,32.0787,131.4105,
JP,882,Ookaimachi,Miyazakiken,,Nobeokashi,,,,32.6275,131.677,
JP,883,Hososhima,Miyazakiken,,Hyuugashi,,,,32.4261,131.6648,
JP,884,Takanabemachi,Miyazakiken,,Koyuguntakanabechou,,,,32.1262,131.5087,
JP,885,Kanadachou,Miyazakiken,,Miyakonojoushi,,,,31.7729,131.0802,
JP,886,Higashikata(Sonota),Miyazakiken,,Kobayashishi,,,,32.0164,131.0102,
JP,887,Aburatsu,Miyazakiken,,Nichinanshi,,,,31.5827,131.4049,
JP,888,Nishikata,Miyazakiken,,Kushimashi,,,,31.468,131.2239,
JP,889,Ikanikeisaiganaibaai,Miyazakiken,,Higashiusukigunkitagawachou,,,,32.7019,131.6903,
JP,890,Sennen,Kagoshimaken,,Kagoshimashi,,,,31.639,130.5251,
JP,891,Gokabeppuchou,Kagoshimaken,,Kagoshimashi,,,,31.5797,130.4765,
JP,892,Inarichou,Kagoshimaken,,Kagoshimashi,,,,31.6112,130.5683,
JP,893,Kosenjouchou,Kagoshimaken,,Kanoyashi,,,,31.389,130.8531,
JP,894,Ikanikeisaiganaibaai,Kagoshimaken,,Ooshimaguntatsugouchou,,,,28.4358,129.606,
JP,895,Shirahamachou,Kagoshimaken,,Sendaishi,,,,31.8586,130.327,
JP,896,Akebonochou,Kagoshimaken,,Kushikinoshi,,,,31.7211,130.2725,
JP,897,Murahara,Kagoshimaken,,Kasedashi,,,,31.4233,130.3274,
JP,898,Matsunoochou,Kagoshimaken,,Makurazakishi,,,,31.2696,130.2884,
JP,899,Komenotsumachi,Kagoshimaken,,Izumishi,,,,32.1214,130.3403,
JP,900,Minatomachi,Okinawaken,,Nahashi,,,,26.241,127.6771,
JP,901,Sumiyoshichou,Okinawaken,,Nahashi,,,,26.2115,127.6591,
JP,902,Furujima,Okinawaken,,Nahashi,,,,26.2283,127.7058,
JP,903,Ikanikeisaiganaibaai,Okinawaken,,Nakagamigunnishiharachou,,,,26.2172,127.7636,
JP,904,Goeku,Okinawaken,,Okinawashi,,,,26.3441,127.8111,
JP,905,Awa,Okinawaken,,Nagoshi,,,,26.6101,127.926,
JP,906,Oogami,Okinawaken,,Hirarashi,,,,24.9166,125.308,
JP,907,Oohama,Okinawaken,,Ishigakishi,,,,24.3457,124.1967,
JP,910,Daiganji,Fukuiken,,Fukuishi,,,,36.0828,136.2297,
JP,911,Kitadanichouohara,Fukuiken,,Katsuyamashi,,,,36.0891,136.5971,
JP,912,Ooyato,Fukuiken,,Oonoshi,,,,36.0154,136.4846,
JP,913,Ikegami,Fukuiken,,Sakaigunmikunichou,,,,36.2389,136.1859,
JP,914,Shinbo,Fukuiken,,Tsurugashi,,,,35.7017,136.1316,
JP,915,Nagaochou,Fukuiken,,Takefushi,,,,35.9847,136.1388,
JP,916,Yoshiechou,Fukuiken,,Sabaeshi,,,,35.9863,136.1737,
JP,917,Fukutani,Fukuiken,,Obamashi,,,,35.5207,135.7531,
JP,918,Tsukumo,Fukuiken,,Fukuishi,,,,36.0622,136.2096,
JP,919,Yunoo,Fukuiken,,Nanjougun'Imajouchou,,,,35.7971,136.1957,
JP,920,Segimachi,Ishikawaken,,Kanazawashi,,,,36.6103,136.6709,
JP,921,Takabatake,Ishikawaken,,Kanazawashi,,,,36.5708,136.6136,
JP,922,Daishoujiuwagimachi,Ishikawaken,,Kagashi,,,,36.3018,136.275,
JP,923,Ooshimamachi,Ishikawaken,,Komatsushi,,,,36.4298,136.4486,
JP,924,Hattamachi,Ishikawaken,,Mattoushi,,,,36.5607,136.5633,
JP,925,Shibagakimachi,Ishikawaken,,Hakuishi,,,,36.9492,136.7652,
JP,926,Unouramachi,Ishikawaken,,Nanaoshi,,,,37.0979,137.0475,
JP,927,Kunogitani,Ishikawaken,,Fugeshigun'Anamizumachi,,,,37.298,136.9841,
JP,928,Kawaimachi,Ishikawaken,,Wajimashi,,,,37.3936,136.9044,
JP,929,Akaimachi,Ishikawaken,,Nomigunneagarimachi,,,,36.4558,136.4844,
JP,930,Meirinchou,Toyamaken,,Toyamashi,,,,36.7014,137.2139,
JP,931,Mizuochi,Toyamaken,,Toyamashi,,,,36.7339,137.2479,
JP,932,Kurisu,Toyamaken,,Oyabeshi,,,,36.7347,136.8315,
JP,933,Tomiokamachi,Toyamaken,,Takaokashi,,,,36.7838,137.0595,
JP,934,Shouseimachi,Toyamaken,,Shinminatoshi,,,,36.7235,137.0832,
JP,935,Kitayashiro,Toyamaken,,Himishi,,,,36.898,136.9846,
JP,936,Sanga,Toyamaken,,Namerikawashi,,,,36.796,137.3814,
JP,937,Hamakyouden,Toyamaken,,Uodushi,,,,36.85,137.4188,
JP,938,Aramata,Toyamaken,,Kurobeshi,,,,36.912,137.4239,
JP,939,Akamaru,Toyamaken,,Nishitonamigunfukuokamachi,,,,36.7352,136.9396,
JP,940,Kawabemachi,Niigataken,,Nagaokashi,,,,37.518,138.8577,
JP,941,Mawaki,Niigataken,,Itoigawashi,,,,37.0724,137.9359,
JP,942,Chuuou,Niigataken,,Jouetsushi,,,,37.1763,138.243,
JP,943,Kamimanago,Niigataken,,Jouetsushi,,,,37.141,138.3051,
JP,944,Kamidoudou,Niigataken,,Araishi,,,,37.0592,138.2665,
JP,945,Matsunami,Niigataken,,Kashiwazakishi,,,,37.3913,138.5722,
JP,946,Hiwatashishinden,Niigataken,,Kitauonumagunkoidemachi,,,,37.2382,138.9608,
JP,947,Uragara,Niigataken,,Odiyashi,,,,37.3338,138.8338,
JP,948,Sanwachou,Niigataken,,Tookamachishi,,,,37.1438,138.7663,
JP,949,Ichiburi,Niigataken,,Nishikubikigun'Oumimachi,,,,36.9812,137.6519,
JP,950,"Matsuhamachou(1-2500,3710banchi)",Niigataken,,Niigatashi,,,,37.9018,139.0922,
JP,951,Funamichou,Niigataken,,Niigatashi,,,,37.9413,139.059,
JP,952,Shirose,Niigataken,,Ryoutsushi,,,,38.1392,138.4469,
JP,953,Kakudahama,Niigataken,,Nishikanbaragunmakimachi,,,,37.8027,138.8363,
JP,954,Sashidemachi,Niigataken,,Mitsukeshi,,,,37.5594,138.9207,
JP,955,Sanganjishinden,Niigataken,,Sanjoushi,,,,37.6634,138.977,
JP,956,Kakurodu,Niigataken,,Niitsushi,,,,37.8222,139.0688,
JP,957,Douga,Niigataken,,Shibatashi,,,,37.9835,139.325,
JP,958,Maoroshi,Niigataken,,Murakamishi,,,,38.3455,139.453,
JP,959,Sazen,Niigataken,,Nishikanbaragunbunsuimachi,,,,37.6644,138.9251,
JP,960,Senouemachi,Fukushimaken,,Fukushimashi,,,,37.805,140.4959,
JP,961,Kotagawa,Fukushimaken,,Shirakawashi,,,,37.1619,140.2537,
JP,962,Morijuku,Fukushimaken,,Sukagawashi,,,,37.3124,140.3632,
JP,963,Asakamachihidenoyama,Fukushimaken,,Kooriyamashi,,,,37.3685,140.3835,
JP,964,Nakanome,Fukushimaken,,Nihonmatsushi,,,,37.6208,140.4219,
JP,965,Ikkimachimatsunaga,Fukushimaken,,Aiduwakamatsushi,,,,37.5286,139.9575,
JP,966,Iwatsukimachiiritatsuki,Fukushimaken,,Kitakatashi,,,,37.7078,139.9194,
JP,967,Tanose,Fukushimaken,,Minamiaiduguntateiwamura,,,,37.2015,139.7798,
JP,968,Mizunuma,Fukushimaken,,Oonumagunkaneyamamachi,,,,37.4811,139.5643,
JP,969,Ikanikeisaiganaibaai,Fukushimaken,,Nishishirakawagun'Izumizakimura,,,,37.1439,140.3189,
JP,970,Tairashimokabeya,Fukushimaken,,Iwakishi,,,,37.0683,140.95,
JP,971,Onahama,Fukushimaken,,Iwakishi,,,,36.9481,140.8959,
JP,972,Toonomachikatoono,Fukushimaken,,Iwakishi,,,,37.0071,140.7477,
JP,973,Uchigouojimamachi,Fukushimaken,,Iwakishi,,,,37.0487,140.8806,
JP,974,Tabitomachikuroda,Fukushimaken,,Iwakishi,,,,36.971,140.7019,
JP,976,Oonodai,Fukushimaken,,Soumashi,,,,37.8296,140.8793,
JP,979,Nakosomachi(Kubota),Fukushimaken,,Iwakishi,,,,36.8952,140.7661,
JP,980,Nakae,Miyagiken,,Sendaishiaobaku,,,,38.2735,140.8926,
JP,981,Ikanikeisaiganaibaai,Miyagiken,,Miyagigunrifuchou,,,,38.332,140.9704,
JP,982,Hachihonmatsu,Miyagiken,,Sendaishitaihakuku,,,,38.2288,140.8935,
JP,983,Gamou,Miyagiken,,Sendaishimiyaginoku,,,,38.2585,140.9956,
JP,984,Tsurushiromachi,Miyagiken,,Sendaishiwakabayashiku,,,,38.258,140.9533,
JP,985,Shinhamachou,Miyagiken,,Shiogamashi,,,,38.3292,141.0428,
JP,986,Mizunuma,Miyagiken,,Ishinomakishi,,,,38.4823,141.3754,
JP,987,Fujigasaki,Miyagiken,,Toodagunkogotachou,,,,38.5403,141.0619,
JP,988,Higashiminatochou,Miyagiken,,Kesennumashi,,,,38.9161,141.5849,
JP,989,Kosugougoka,Miyagiken,,Shiroishishi,,,,37.9319,140.6009,
JP,990,Hodumi,Yamagataken,,Yamagatashi,,,,38.2835,140.3623,
JP,991,Nyuugura,Yamagataken,,Sagaeshi,,,,38.4076,140.283,
JP,992,Kubotamachihigashiemata,Yamagataken,,Yonezawashi,,,,37.9694,140.1098,
JP,993,Mamanoue,Yamagataken,,Nagaishi,,,,38.1068,140.0401,
JP,994,Bandai,Yamagataken,,Tendoushi,,,,38.3949,140.3808,
JP,995,Tochiuda,Yamagataken,,Murayamashi,,,,38.5499,140.3991,
JP,996,Itsukamachi,Yamagataken,,Shinjoushi,,,,38.7737,140.3105,
JP,997,Yunosawa,Yamagataken,,Tsuruokashi,,,,38.7774,139.8406,
JP,998,Hodumi(Sonota),Yamagataken,,Sakatashi,,,,38.975,139.8641,
JP,999,Ikanikeisaiganaibaai,Yamagataken,,Higashiokitamagunkawanishimachi,,,,38.0074,140.0665,
